found_date,tier,score,title,company,showroom_name,location,salary,is_recruiter,decision_maker_hint,opening_line,url,source,matched_on
2026-06-17,WARM - Winner/Cyncly,90,Kitchen Sales Designer,SEEK APPLIANCES LIMITED,,"Nottingham, Nottinghamshire","£36,041",False,,,https://www.adzuna.co.uk/jobs/land/ad/5766214828?se=enCguhZq8RGHcblSVmFK6Q&utm_medium=api&utm_source=119695ba&v=517B46AC48D7064CD8A4DF366623B36F206D15BD,Adzuna (GB),Compusoft
2026-06-17,WATCH - generic CAD,60,Kitchen and Bathroom Designer,GCS Associates,,Llandeilo,"£28,000 - £31,000",False,,,https://www.reed.co.uk/jobs/kitchen-and-bathroom-designer/57000699,Reed,Bathroom CAD designer
2026-06-17,WATCH - generic CAD,60,Kitchen Designer,Dennis and Robinson T/A Paula Rosa Manhattan,,BN158UH,"£30,000 - £38,000",False,,,https://www.reed.co.uk/jobs/kitchen-designer/57013932,Reed,Kitchen CAD designer
2026-06-17,WATCH - generic CAD,50,Project Kitchen Designer,DESIGNER RECRUITMENT LTD,,"London, UK","£45,000",True,,,https://www.adzuna.co.uk/jobs/land/ad/5766143038?se=WkdKuRZq8RG8iqg-94pN9Q&utm_medium=api&utm_source=119695ba&v=BA5646105F79C9B1B179F044E416EC5B82769970,Adzuna (GB),Winner Design
2026-06-17,WATCH - generic CAD,50,Kitchen Sales Designer,DESIGNER RECRUITMENT LTD,,"Blackwall, East London","£45,000",True,,,https://www.adzuna.co.uk/jobs/land/ad/5766143001?se=WkdKuRZq8RG8iqg-94pN9Q&utm_medium=api&utm_source=119695ba&v=0A8B33E3CFE14FEB98A921A52FB6AE0864A873CD,Adzuna (GB),Winner Design
2026-06-17,WATCH - generic CAD,50,Project Kitchen Designer,DESIGNER RECRUITMENT LTD,,"South East London, London","£45,000",True,,,https://www.adzuna.co.uk/jobs/details/5766309896?utm_medium=api&utm_source=119695ba,Adzuna (GB),Winner Design
2026-06-17,WATCH - generic CAD,50,Kitchen Sales Designer,DESIGNER RECRUITMENT LTD,,"South East London, London","£45,000",True,,,https://www.adzuna.co.uk/jobs/details/5766309895?utm_medium=api&utm_source=119695ba,Adzuna (GB),Winner Design
2026-06-17,WATCH - generic CAD,50,Kitchen Designer,Stoneham PLC,,"Sidcup, Kent","£55,000",True,,,https://www.adzuna.co.uk/jobs/land/ad/5766300186?se=enCguhZq8RGHcblSVmFK6Q&utm_medium=api&utm_source=119695ba&v=F5BAC899011470C11B699A073D586D6D22376554,Adzuna (GB),Compusoft
2026-06-17,WATCH - generic CAD,50,Kitchen Designer,Stoneham PLC,,Sidcup,"£36,000 - £55,000",True,,,https://www.reed.co.uk/jobs/kitchen-designer/56970475,Reed,Compusoft
2026-06-17,WATCH - generic CAD,50,Design Assistant,DESIGNER RECRUITMENT LTD,,"Sandiacre, Nottingham","£28,000",True,,,https://www.adzuna.co.uk/jobs/land/ad/5766143016?se=ZknJvRZq8RGwYu6IutgTPw&utm_medium=api&utm_source=119695ba&v=B93C02F7CFAB90DE52D684601CC87C2E615F0272,Adzuna (GB),Kitchen CAD designer
2026-06-17,WATCH - generic CAD,50,Design Assistant,DESIGNER RECRUITMENT LTD,,"Nottingham, Nottinghamshire","£28,000",True,,,https://www.adzuna.co.uk/jobs/details/5766309894?utm_medium=api&utm_source=119695ba,Adzuna (GB),Kitchen CAD designer
2026-06-17,WATCH - generic CAD,50,Kitchen Designer,Workshop Recruitment,,RH12GD,"£30,000 - £38,000",True,,,https://www.reed.co.uk/jobs/kitchen-designer/56903504,Reed,Kitchen CAD designer
2026-06-17,WATCH - generic CAD,50,Commercial Kitchen Designer,Cavendish Maine Recruitment,,MK179LJ,"£30,000 - £45,000",True,,,https://www.reed.co.uk/jobs/commercial-kitchen-designer/56978461,Reed,Kitchen CAD designer
2026-06-17,WATCH - generic CAD,50,Trainee Kitchen Designer/Sales Executive (Full CAD Training),Ernest Gordon Recruitment Limited,,Birkenhead,"£25,000 - £35,000",True,,,https://www.reed.co.uk/jobs/trainee-kitchen-designer-sales-executive-full-cad-training/57016154,Reed,Kitchen CAD designer
2026-06-17,WATCH - generic CAD,50,CAD Technician/Interior Designer (Kitchens),Ernest Gordon Recruitment Limited,,Birkenhead,"£25,000 - £35,000",True,,,https://www.reed.co.uk/jobs/cad-technician-interior-designer-kitchens/57016084,Reed,Kitchen CAD designer
2026-06-17,WATCH - generic CAD,40,Kitchen Designer,Recruitment Helpline,,Farnham,,True,,,https://www.reed.co.uk/jobs/kitchen-designer/56898933,Reed,Kitchen CAD designer
2026-06-17,WATCH - generic CAD,30,Bathroom Sales Designer,Ernest Gordon Recruitment Limited,,Northwich,"£34,000 - £35,000",True,,,https://www.reed.co.uk/jobs/bathroom-sales-designer/56995978,Reed,Virtual Worlds (exact)
2026-06-17,WATCH - generic CAD,30,Bathroom Sales Designer (Uncapped Commission),Ernest Gordon Recruitment Limited,,London,"£28,000 - £32,000",True,,,https://www.reed.co.uk/jobs/bathroom-sales-designer-uncapped-commission/56950098,Reed,Virtual Worlds (exact)
2026-06-17,WATCH - generic CAD,30,Kitchen Sales Designer (Uncapped Commission),Ernest Gordon Recruitment Limited,,London,"£28,000 - £32,000",True,,,https://www.reed.co.uk/jobs/kitchen-sales-designer-uncapped-commission/56934811,Reed,Virtual Worlds (exact)
2026-06-17,WATCH - generic CAD,30,Kitchen Sales Designer (Uncapped Commission),Ernest Gordon Recruitment Limited,,London,"£28,000 - £32,000",True,,,https://www.reed.co.uk/jobs/kitchen-sales-designer-uncapped-commission/57011224,Reed,Virtual Worlds (exact)
2026-06-17,WATCH - generic CAD,30,Bathroom Sales Designer (Uncapped Commission),Ernest Gordon Recruitment Limited,,London,"£28,000 - £32,000",True,,,https://www.reed.co.uk/jobs/bathroom-sales-designer-uncapped-commission/56985055,Reed,Virtual Worlds (exact)
2026-06-17,WATCH - generic CAD,30,Bathroom Sales Designer,Ernest Gordon Recruitment Limited,,London,"£28,000 - £32,000",True,,,https://www.reed.co.uk/jobs/bathroom-sales-designer/57011194,Reed,Virtual Worlds (exact)
2026-06-17,WATCH - generic CAD,30,Kitchen Sales Designer,Axon Moore Group Ltd,,Preston,"£30,000",True,,,https://www.reed.co.uk/jobs/kitchen-sales-designer/56946568,Reed,Compusoft
2026-06-17,WATCH - generic CAD,30,Showroom Sales Manager,City Plumbing,,HP123RS,,False,,,https://www.reed.co.uk/jobs/showroom-sales-manager/56883073,Reed,Bathroom CAD designer
2026-06-17,WATCH - generic CAD,30,Showroom Sales Manager,City Plumbing,,OX264UU,,False,,,https://www.reed.co.uk/jobs/showroom-sales-manager/56927789,Reed,Bathroom CAD designer
2026-06-17,WATCH - generic CAD,30,Showroom Sales Manager,City Plumbing,,GL25DX,,False,,,https://www.reed.co.uk/jobs/showroom-sales-manager/56927788,Reed,Bathroom CAD designer
2026-06-17,WATCH - generic CAD,30,Showroom Sales Manager,City Plumbing,,BS307ET,,False,,,https://www.reed.co.uk/jobs/showroom-sales-manager/56983888,Reed,Bathroom CAD designer
2026-06-17,WATCH - generic CAD,30,Showroom Partnerships Manager,City Plumbing,,BN20DF,,False,,,https://www.reed.co.uk/jobs/showroom-partnerships-manager/56665799,Reed,Bathroom CAD designer
2026-06-17,WATCH - generic CAD,30,Showroom Sales Manager,City Plumbing,,CV370XX,,False,,,https://www.reed.co.uk/jobs/showroom-sales-manager/56883075,Reed,Bathroom CAD designer
2026-06-17,WATCH - generic CAD,30,Showroom Sales Manager,City Plumbing,,LA33AY,,False,,,https://www.reed.co.uk/jobs/showroom-sales-manager/56398194,Reed,Bathroom CAD designer
2026-06-17,WATCH - generic CAD,30,Showroom Sales Manager,City Plumbing,,YO304XE,,False,,,https://www.reed.co.uk/jobs/showroom-sales-manager/56995903,Reed,Bathroom CAD designer
2026-06-17,WATCH - generic CAD,30,Showroom Sales Manager,City Plumbing,,KT25BQ,,False,,,https://www.reed.co.uk/jobs/showroom-sales-manager/56983890,Reed,Bathroom CAD designer
2026-06-17,WATCH - generic CAD,30,Showroom Sales Manager,City Plumbing,,CA30EH,,False,,,https://www.reed.co.uk/jobs/showroom-sales-manager/56751383,Reed,Bathroom CAD designer
2026-06-17,HOT - Virtual Worlds,120,3D Simulation ML Engineer Build Realistic Virtual Worlds,jobs.frontdoordefense.com - Jobboard,,"San Francisco, CA",$151k - $257k,False,,,https://jooble.org/jdp/-5906674070150432913,Jooble,Virtual Worlds (exact)
2026-06-17,HOT - Virtual Worlds,110,Robotics Simulation Engineer: High-Fidelity Virtual Worlds,Menlo Ventures,,"San Francisco, CA",,False,,,https://jooble.org/jdp/6369170397606990946,Jooble,Virtual Worlds (exact)
2026-06-17,HOT - Virtual Worlds,110,Senior Robotics Simulation Engineer: Factory Virtual Worlds,General Motors,,"New York, NY",,False,,,https://jooble.org/jdp/-1621556170975363917,Jooble,Virtual Worlds (exact)
2026-06-17,HOT - Virtual Worlds,110,Senior Robotics Simulation Engineer Virtual Worlds,General Motors,,"Warren, MI",,False,,,https://jooble.org/jdp/-6159388984326918812,Jooble,Virtual Worlds (exact)
2026-06-17,HOT - Virtual Worlds,110,Disney Virtual Assistant Job at home (Part Time) $25/Per Hour – US,frontendnode-production.up.railway.app,,,,False,,,https://frontendnode-production.up.railway.app/job/disney-virtual-assistant-job-at-home-part-time-25per-hour-8211-us,Frontendnode-Production.up.railway.app - Railway (via JSearch),Virtual Worlds (exact)
2026-06-17,HOT - Virtual Worlds,110,Youtube Content Moderator Jobs From Home $24/Hour,frontendnode-production.up.railway.app,,,,False,,,https://frontendnode-production.up.railway.app/job/youtube-content-moderator-jobs-from-home-24hour-5,Frontendnode-Production.up.railway.app - Railway (via JSearch),Virtual Worlds (exact)
2026-06-17,HOT - Virtual Worlds,110,Virtual Customer Care Professional,frontendnode-production.up.railway.app,,,,False,,,https://frontendnode-production.up.railway.app/job/virtual-customer-care-professional-1,Frontendnode-Production.up.railway.app - Railway (via JSearch),Virtual Worlds (exact)
2026-06-17,HOT - Virtual Worlds,110,Beginner Ghostwriter; Virtual; Testing,Review Pays,,,,False,,,https://www.learn4good.com/jobs/online_remote/entertainment/5181762003/e/,Learn4Good (via JSearch),Virtual Worlds (exact)
2026-06-17,HOT - Virtual Worlds,100,Work From Home Jobs Wayfair $27/Hour - VacancyGlobal,frontendnode-production.up.railway.app,,,,True,,,https://frontendnode-production.up.railway.app/job/work-from-home-jobs-wayfair-27hour-vacancyglobal,Frontendnode-Production.up.railway.app - Railway (via JSearch),Virtual Worlds (exact)
2026-06-17,WARM - Winner/Cyncly,90,Designer,Office Revolution,,"Chicago, IL",$60k - $90k,False,,,https://jooble.org/jdp/-384439673724345633,Jooble,Cyncly
2026-06-17,WARM - Winner/Cyncly,90,Account Manager,Cyncly,,"New York, NY",$40k - $48k,False,,,https://jooble.org/jdp/971209662915797725,Jooble,Cyncly
2026-06-17,WARM - Winner/Cyncly,90,"Director, Professional Services",Cyncly Group,,"New York, NY",$210k,False,,,https://jooble.org/jdp/-5688367089043246579,Jooble,Cyncly
2026-06-17,WARM - Winner/Cyncly,90,"Senior Director, Enterprise Strategic Accounts NAM",Cyncly,,United States,$180k - $240k,False,,,https://jooble.org/jdp/7210314775584914464,Jooble,Cyncly
2026-06-17,WARM - Winner/Cyncly,90,Kitchen and Bath Designer (Design Sales),,,"Milford, CT",$50k - $60k,False,,,https://jooble.org/jdp/-7902092451433650557,Jooble,Cyncly
2026-06-17,WARM - Winner/Cyncly,90,.Net Developer,Cyncly,,"Solon, OH",$75k - $110k,False,,,https://jooble.org/jdp/2602520626374154112,Jooble,Cyncly
2026-06-17,WARM - Winner/Cyncly,90,Kitchen Sales Designer,SEEK APPLIANCES LIMITED,,"Nottingham, Nottinghamshire","£36,041",False,,,https://www.adzuna.co.uk/jobs/land/ad/5766214828?se=hmyYvlNq8RG617uXcziRnw&utm_medium=api&utm_source=119695ba&v=517B46AC48D7064CD8A4DF366623B36F206D15BD,Adzuna (GB),Compusoft
2026-06-17,WARM - Winner/Cyncly,90,Scrum Master,"Compusoft Integrated Solutions, Inc.",,"Okemos, Ingham County","£113,851",False,,,https://www.adzuna.com/land/ad/5765673523?se=NNDRvlNq8RGl9dHihwLC4g&utm_medium=api&utm_source=119695ba&v=C4E7EBC6B506CDEE8E26FA9BE873CA96C6AE53FA,Adzuna (US),Compusoft
2026-06-17,WARM - Winner/Cyncly,90,Kitchen Designer / Project Manager,Z Ventures Ny Corp DBA Doca NYC,,"New York, NY",$20 - $45 per hour,False,,,https://jooble.org/jdp/3062164961892848303,Jooble,Compusoft
2026-06-17,WARM - Winner/Cyncly,80,Intermediate Interior Designer,Innovative Office Solutions LLC,,"Minneapolis, MN",,False,,,https://jooble.org/jdp/-3878675626607392506,Jooble,Cyncly
2026-06-17,WARM - Winner/Cyncly,80,Kitchen and Bath Sales Designer,NKBA,,"Northbrook, IL",,False,,,https://jooble.org/jdp/-3236944371715953839,Jooble,Cyncly
2026-06-17,WARM - Winner/Cyncly,80,Kitchen Designer-European Products Specialist,Nobilia North America Inc.,,"Miami, FL",,False,,,https://jooble.org/jdp/-2628326685075748827,Jooble,Cyncly
2026-06-17,WARM - Winner/Cyncly,80,Remote Inside Sales Pro - Kitchen & Bath Design Solutions,Cyncly,,"New York, NY",,False,,,https://jooble.org/jdp/-2828083960256119695,Jooble,Cyncly
2026-06-17,WARM - Winner/Cyncly,80,Renewals Operations Analyst,Cyncly,,United States,,False,,,https://jooble.org/jdp/-4361320337850715768,Jooble,Cyncly
2026-06-17,WARM - Winner/Cyncly,80,SEO Specialist,Cyncly,,United States,,False,,,https://jooble.org/jdp/269311894836635885,Jooble,Cyncly
2026-06-17,WARM - Winner/Cyncly,80,Technical Architect,Rysun Labs Inc,,"Houston, TX",,False,,,https://jooble.org/jdp/3494890494321772979,Jooble,Compusoft
2026-06-17,WARM - Winner/Cyncly,80,Data Engineer,Rysun Labs Inc,,"Houston, TX",,False,,,https://jooble.org/jdp/-7969275060865857443,Jooble,Compusoft
2026-06-17,WARM - Winner/Cyncly,80,Capital Project Manager,Jobs via Dice,,"Detroit, MI",,False,,,https://jooble.org/jdp/-4017596965838744399,Jooble,Compusoft
2026-06-17,WARM - Winner/Cyncly,80,Technical Project Manager Ecommerce,Rysun Labs Inc,,"Houston, TX",,False,,,https://jooble.org/jdp/-4462599788456272714,Jooble,Compusoft
2026-06-17,WARM - Winner/Cyncly,80,Technical Project Manager Ecommerce,Rysun Labs,,"Houston, TX",,False,,,https://jooble.org/jdp/7006756854300576357,Jooble,Compusoft
2026-06-17,WARM - Winner/Cyncly,80,Support Analyst - Healthcare,Rysun Labs Inc,,"New York, NY",,False,,,https://jooble.org/jdp/-2918769015103411133,Jooble,Compusoft
2026-06-17,WARM - Winner/Cyncly,80,Senior QA Automation Engineer,Rysun Labs Inc,,"New York, NY",,False,,,https://jooble.org/jdp/2333840196159679068,Jooble,Compusoft
2026-06-17,WARM - Winner/Cyncly,80,Data Practice Lead,Rysun Labs Inc,,"Milpitas, CA",,False,,,https://jooble.org/jdp/-5556259736008629884,Jooble,Compusoft
2026-06-17,WARM - Winner/Cyncly,80,Web Data Analyst (Mid-Senior Level),Rysun Labs,,"Houston, TX",,False,,,https://jooble.org/jdp/-7026819158784554409,Jooble,Compusoft
2026-06-17,WARM - Winner/Cyncly,80,Remote Part-Time AI/ML Data Science Trainer,Synergistic Compusoft,,"New York, NY",,False,,,https://jooble.org/jdp/384666455836584901,Jooble,Compusoft
2026-06-17,WARM - Winner/Cyncly,80,Remote Data Science Trainer: AI/ML & Generative AI Mentor,Synergistic Compusoft,,"New York, NY",,False,,,https://jooble.org/jdp/-1911487469018558217,Jooble,Compusoft
2026-06-17,WARM - Winner/Cyncly,80,Data Product Manager/ AI & Analytics,Rysun Labs Inc,,"Houston, TX",,False,,,https://jooble.org/jdp/-3018240908888730069,Jooble,Compusoft
2026-06-17,WARM - Winner/Cyncly,80,Sr. Couchbase Infrastructure Engineer,Rysun Labs Inc,,"Plano, TX",,False,,,https://jooble.org/jdp/-5506932092059564753,Jooble,Compusoft
2026-06-17,WATCH - generic CAD,60,World Language Teacher,ACCEL Schools,,"Columbus, OH",$40k - $49.5k,False,,,https://jooble.org/jdp/-8419758815827807912,Jooble,Virtual Worlds (exact)
2026-06-17,WATCH - generic CAD,60,Head of Real-World Evidence & Clinical Research,Virta Health,,"New York, NY",$156.37k - $183.96k,False,,,https://jooble.org/jdp/-2149437418717606651,Jooble,Virtual Worlds (exact)
2026-06-17,WATCH - generic CAD,60,Kitchen Designer-European Products Specialist,Nobilia North America Inc.,,"Mobile, Mobile County","£48,959",False,,,https://www.adzuna.com/land/ad/5766358697?se=IIWZulNq8RG617uXcziRnw&utm_medium=api&utm_source=119695ba&v=1145C16DC901DA8926633F43B17B972BCA9B4064,Adzuna (US),Cyncly
2026-06-17,WATCH - generic CAD,60,Kitchen and Bathroom Designer,GCS Associates,,Llandeilo,"£28,000 - £31,000",False,,,https://www.reed.co.uk/jobs/kitchen-and-bathroom-designer/57000699,Reed,Bathroom CAD designer
2026-06-17,WATCH - generic CAD,60,Structural CAD Designer (1-5 years),"Coffman Engineers, Inc.",,"Honolulu, HI",$64k - $80k,False,,,https://jooble.org/jdp/-8745654766979833054,Jooble,Bathroom CAD designer
2026-06-17,WATCH - generic CAD,60,"Junior CAD Designer, Entry Level / Intern Tool Designer",Cube Hub,,"Waterloo, IA",$33 per hour,False,,,https://jooble.org/jdp/-6645383946881792141,Jooble,Bathroom CAD designer
2026-06-17,WATCH - generic CAD,60,CAD Designer (SolidWorks) - Sheet Metal Fabrication,TEKNIK SERVICES LLC,,"Lewisville, TX",$23 - $26 per hour,False,,,https://jooble.org/jdp/-7458742397233401162,Jooble,Bathroom CAD designer
2026-06-17,WATCH - generic CAD,60,CAD Drafter / Designer,"DKK Consulting, Inc.",,"West Palm Beach, FL",$18 - $20 per hour,False,,,https://jooble.org/jdp/-311184592952519845,Jooble,Bathroom CAD designer
2026-06-17,WATCH - generic CAD,60,Kitchen Designer,Dennis and Robinson T/A Paula Rosa Manhattan,,BN158UH,"£30,000 - £38,000",False,,,https://www.reed.co.uk/jobs/kitchen-designer/57013932,Reed,Kitchen CAD designer
2026-06-17,WATCH - generic CAD,60,Residential Kitchen Designer,"CCTHC Inc / Lavish Kitchen and Bath, Inc.",,"San Antonio, TX",$60k - $120k,False,,,https://jooble.org/jdp/8168364863955627474,Jooble,Kitchen CAD designer
2026-06-17,WATCH - generic CAD,50,Hybrid World History Teacher for Online Academy,Friendship Public Charter School,,Washington DC,,False,,,https://jooble.org/jdp/7682288187934539628,Jooble,Virtual Worlds (exact)
2026-06-17,WATCH - generic CAD,50,Project Kitchen Designer,DESIGNER RECRUITMENT LTD,,"London, UK","£45,000",True,,,https://www.adzuna.co.uk/jobs/land/ad/5766143038?se=cN9bvFNq8RGOZ7Ep5AAiEg&utm_medium=api&utm_source=119695ba&v=BA5646105F79C9B1B179F044E416EC5B82769970,Adzuna (GB),Winner Design
2026-06-17,WATCH - generic CAD,50,Kitchen Sales Designer,DESIGNER RECRUITMENT LTD,,"Blackwall, East London","£45,000",True,,,https://www.adzuna.co.uk/jobs/land/ad/5766143001?se=cN9bvFNq8RGOZ7Ep5AAiEg&utm_medium=api&utm_source=119695ba&v=0A8B33E3CFE14FEB98A921A52FB6AE0864A873CD,Adzuna (GB),Winner Design
2026-06-17,WATCH - generic CAD,50,Project Kitchen Designer,DESIGNER RECRUITMENT LTD,,"South East London, London","£45,000",True,,,https://www.adzuna.co.uk/jobs/details/5766309896?utm_medium=api&utm_source=119695ba,Adzuna (GB),Winner Design
2026-06-17,WATCH - generic CAD,50,Kitchen Sales Designer,DESIGNER RECRUITMENT LTD,,"South East London, London","£45,000",True,,,https://www.adzuna.co.uk/jobs/details/5766309895?utm_medium=api&utm_source=119695ba,Adzuna (GB),Winner Design
2026-06-17,WATCH - generic CAD,50,Kitchen Designer,Stoneham PLC,,"Sidcup, Kent","£55,000",True,,,https://www.adzuna.co.uk/jobs/land/ad/5766300186?se=hmyYvlNq8RG617uXcziRnw&utm_medium=api&utm_source=119695ba&v=F5BAC899011470C11B699A073D586D6D22376554,Adzuna (GB),Compusoft
2026-06-17,WATCH - generic CAD,50,Kitchen Designer,Stoneham PLC,,Sidcup,"£36,000 - £55,000",True,,,https://www.reed.co.uk/jobs/kitchen-designer/56970475,Reed,Compusoft
2026-06-17,WATCH - generic CAD,50,CAD Designer,Associated Steel and Aluminum Inc.,,"Hialeah, FL",,False,,,https://jooble.org/jdp/7520497402954471069,Jooble,Bathroom CAD designer
2026-06-17,WATCH - generic CAD,50,CAD Designer,"VanMar Associates, Inc.",,"Mount Airy, MD",,False,,,https://jooble.org/jdp/961509974501518507,Jooble,Bathroom CAD designer
2026-06-17,WATCH - generic CAD,50,CAD Designer (Structural),CSA Group,,Puerto Rico,,False,,,https://jooble.org/jdp/2111207234132528774,Jooble,Bathroom CAD designer
2026-06-17,WATCH - generic CAD,50,CAD Technician / Designer,Group-A Engineering,,"Norco, CA",,False,,,https://jooble.org/jdp/-8107874206396877798,Jooble,Bathroom CAD designer
2026-06-17,WATCH - generic CAD,50,CAD Designer,KINGSLY COMPRESSION INC,,"Cambridge, OH",,False,,,https://jooble.org/jdp/4314272030647830572,Jooble,Bathroom CAD designer
2026-06-17,WATCH - generic CAD,50,CAD DESIGNER,"DEANGELO MARINE EXHAUST, INC.",,"Fort Lauderdale, FL",,False,,,https://jooble.org/jdp/1306813823044241688,Jooble,Bathroom CAD designer
2026-06-17,WATCH - generic CAD,50,CAD Designer,Gulf Coast Railings,,"Magnolia, TX",,False,,,https://jooble.org/jdp/-581501311265696132,Jooble,Bathroom CAD designer
2026-06-17,WATCH - generic CAD,50,CAD Designer,Unrivaled,,"Ogden, UT",,False,,,https://jooble.org/jdp/2149090274419386785,Jooble,Bathroom CAD designer
2026-06-17,WATCH - generic CAD,50,CAD Designer,Actalent,,"Georgetown, KY",$50k - $60k,True,,,https://jooble.org/jdp/-2960874773523546472,Jooble,Bathroom CAD designer
2026-06-17,WATCH - generic CAD,50,CAD Lighting Designer,McCord Group Construction Recruiting Solutions,,"Saint Louis, MO",,False,,,https://jooble.org/jdp/314518107411943508,Jooble,Bathroom CAD designer
2026-06-17,WATCH - generic CAD,50,Scenic Fabrication CAD / Vectorworks Designer,Merestone,,"Tempe, AZ",,False,,,https://jooble.org/jdp/7512493678377626758,Jooble,Bathroom CAD designer
2026-06-17,WATCH - generic CAD,50,3D CAD Designer / Drafter - Industrial Equipment,SOURCE UNITED LLC,,"Addison, IL",,False,,,https://jooble.org/jdp/1660153122148396012,Jooble,Bathroom CAD designer
2026-06-17,WATCH - generic CAD,50,CAD Designer II (Orlando) - Erection Drawings & Mentorship,EFCO Corp,,"Orlando, FL",,False,,,https://jooble.org/jdp/9102025968336168835,Jooble,Bathroom CAD designer
2026-06-17,WATCH - generic CAD,50,CAD Designer (SolidWorks / AutoCAD),Company Private,,"Waterford, NY",,False,,,https://jooble.org/jdp/-2628760420764924094,Jooble,Bathroom CAD designer
2026-06-17,WATCH - generic CAD,50,Survey CAD Designer/Drafter,Doyle&Wachtstetter,,"Clute, TX",,False,,,https://jooble.org/jdp/-8309983691968140433,Jooble,Bathroom CAD designer
2026-06-17,WATCH - generic CAD,50,CAD Designer for Large-Scale Trailer Systems,Mertz Integration Llc,,"Ponca City, OK",,False,,,https://jooble.org/jdp/-5979556662603698086,Jooble,Bathroom CAD designer
2026-06-17,WATCH - generic CAD,50,CAD Designer Drafter,TBC Consoles,,"Brentwood, NY",,False,,,https://jooble.org/jdp/-7009407021464890856,Jooble,Bathroom CAD designer
2026-06-17,WATCH - generic CAD,50,Steel Fabrication Structural Custom CAD Designer,Industrial Manufacturing,,"Chesterfield, MI",,False,,,https://jooble.org/jdp/5300404700028982161,Jooble,Bathroom CAD designer
2026-06-17,WATCH - generic CAD,50,Jewelry CAD designer,Jewels By Star LTD,,"New York, NY",,False,,,https://jooble.org/jdp/-1934217174579074837,Jooble,Bathroom CAD designer
2026-06-17,WATCH - generic CAD,50,CAD Designer Custom Hitch Systems,AMERCO,,"Tempe, AZ",,False,,,https://jooble.org/jdp/5730559700076769412,Jooble,Bathroom CAD designer
2026-06-17,WATCH - generic CAD,50,PCB CAD Designer,Robert Half,,"Thorofare, NJ",,False,,,https://jooble.org/jdp/-6167138594490114408,Jooble,Bathroom CAD designer
2026-06-17,WATCH - generic CAD,50,CAD Drafter Designer,Tarsco Construction Corporation,,"Tulsa, OK",,False,,,https://jooble.org/jdp/1928147010099822699,Jooble,Bathroom CAD designer
2026-06-17,WATCH - generic CAD,50,CAD Designer (Solidworks),GTN Technical Staffing,,"Rochester, NY",,False,,,https://jooble.org/jdp/-7180323274640418937,Jooble,Bathroom CAD designer
2026-06-17,WATCH - generic CAD,50,CAD Designer,Evermark,,"Conesville, OH",,False,,,https://jooble.org/jdp/5670506359549172954,Jooble,Bathroom CAD designer
2026-06-17,WATCH - generic CAD,50,Kitchen Designer,DESIGNER RECRUITMENT LTD,,"Shavington, Crewe","£50,000",True,,,https://www.adzuna.co.uk/jobs/land/ad/5766504400?se=ch61wlNq8RGl9dHihwLC4g&utm_medium=api&utm_source=119695ba&v=FC45C40FC08CD8613C642AD262C636E82DC7183C,Adzuna (GB),Kitchen CAD designer
2026-06-17,WATCH - generic CAD,50,Trainee Kitchen Designer/Sales Executive (Full CAD Training),Ernest Gordon Recruitment,,"Birkenhead, Merseyside","£35,000",True,,,https://www.adzuna.co.uk/jobs/land/ad/5763182887?se=ch61wlNq8RGl9dHihwLC4g&utm_medium=api&utm_source=119695ba&v=9D316BE36336D91D09DA8CCA68CCB71F326F43FF,Adzuna (GB),Kitchen CAD designer
2026-06-17,WATCH - generic CAD,50,Kitchen Designer,DESIGNER RECRUITMENT LTD,,"Crewe, Cheshire","£50,000",True,,,https://www.adzuna.co.uk/jobs/details/5766757580?utm_medium=api&utm_source=119695ba,Adzuna (GB),Kitchen CAD designer
2026-06-17,WATCH - generic CAD,50,Design Assistant,DESIGNER RECRUITMENT LTD,,"Stratford Enterprise Park, Stratford-Upon-Avon","£28,000",True,,,https://www.adzuna.co.uk/jobs/land/ad/5766510579?se=ch61wlNq8RGl9dHihwLC4g&utm_medium=api&utm_source=119695ba&v=54D551F09B5FF285895A7AAD62ACCC86C284A535,Adzuna (GB),Kitchen CAD designer
2026-06-17,WATCH - generic CAD,50,Design Assistant,DESIGNER RECRUITMENT LTD,,"Sandiacre, Nottingham","£28,000",True,,,https://www.adzuna.co.uk/jobs/land/ad/5766143016?se=ch61wlNq8RGl9dHihwLC4g&utm_medium=api&utm_source=119695ba&v=B93C02F7CFAB90DE52D684601CC87C2E615F0272,Adzuna (GB),Kitchen CAD designer
2026-06-17,WATCH - generic CAD,50,Design Assistant,DESIGNER RECRUITMENT LTD,,"Stratford-Upon-Avon, Warwickshire","£28,000",True,,,https://www.adzuna.co.uk/jobs/details/5766758325?utm_medium=api&utm_source=119695ba,Adzuna (GB),Kitchen CAD designer
2026-06-17,WATCH - generic CAD,50,Design Assistant,DESIGNER RECRUITMENT LTD,,"Nottingham, Nottinghamshire","£28,000",True,,,https://www.adzuna.co.uk/jobs/details/5766309894?utm_medium=api&utm_source=119695ba,Adzuna (GB),Kitchen CAD designer
2026-06-17,WATCH - generic CAD,50,Kitchen Equipment & CAD Technical Specialist (Part Time),Browns Restaurant Group,,"New Westminster, Greater Vancouver",,False,,,https://www.adzuna.ca/details/5763825789?utm_medium=api&utm_source=119695ba,Adzuna (CA),Kitchen CAD designer
2026-06-17,WATCH - generic CAD,50,Kitchen Designer,Workshop Recruitment,,RH12GD,"£30,000 - £38,000",True,,,https://www.reed.co.uk/jobs/kitchen-designer/56903504,Reed,Kitchen CAD designer
2026-06-17,WATCH - generic CAD,50,Commercial Kitchen Designer,Cavendish Maine Recruitment,,MK179LJ,"£30,000 - £45,000",True,,,https://www.reed.co.uk/jobs/commercial-kitchen-designer/56978461,Reed,Kitchen CAD designer
2026-06-17,WATCH - generic CAD,50,Trainee Kitchen Designer/Sales Executive (Full CAD Training),Ernest Gordon Recruitment Limited,,Birkenhead,"£25,000 - £35,000",True,,,https://www.reed.co.uk/jobs/trainee-kitchen-designer-sales-executive-full-cad-training/57016154,Reed,Kitchen CAD designer
2026-06-17,WATCH - generic CAD,50,CAD Technician/Interior Designer (Kitchens),Ernest Gordon Recruitment Limited,,Birkenhead,"£25,000 - £35,000",True,,,https://www.reed.co.uk/jobs/cad-technician-interior-designer-kitchens/57016084,Reed,Kitchen CAD designer
2026-06-17,WATCH - generic CAD,50,Kitchen and interior designer,REDOnyc,,"New York, NY",,False,,,https://jooble.org/jdp/322339380557573781,Jooble,Kitchen CAD designer
2026-06-17,WATCH - generic CAD,50,Kitchen Designer,Innovative Interiors,,"Cincinnati, OH",,False,,,https://jooble.org/jdp/-4081602527097180206,Jooble,Kitchen CAD designer
2026-06-17,WATCH - generic CAD,50,Kitchen and Bath Designer,Stradling's Cabinets,,"Gilbert, AZ",,False,,,https://jooble.org/jdp/-3664119120696383514,Jooble,Kitchen CAD designer
2026-06-17,WATCH - generic CAD,50,Kitchen and Bath Designer,Sunique Cabinets,,"Carrollton, TX",,False,,,https://jooble.org/jdp/2157351894422652445,Jooble,Kitchen CAD designer
2026-06-17,WATCH - generic CAD,50,Kitchen and Bath Designer,Flagship Staffing Services,,"East Greenwich, RI",,False,,,https://jooble.org/jdp/-7949806845461475743,Jooble,Kitchen CAD designer
2026-06-17,WATCH - generic CAD,50,Kitchen and Bath Interior Designer / Sales,Dreammaker Bath and Kitchen of Madison,,"Madison, WI",,False,,,https://jooble.org/jdp/5057090966055305622,Jooble,Kitchen CAD designer
2026-06-17,WATCH - generic CAD,40,"Software Development Engineer II, AFT - Amazon Robotics Pick Automation",Amazon,,"Bellevue, King County","£172,064",False,,,https://www.adzuna.com/land/ad/5763236084?se=WD0-o1Nq8RG617uXcziRnw&utm_medium=api&utm_source=119695ba&v=E04A777AA7786C07A96505AB183207E3935A1E3D,Adzuna (US),Virtual Worlds (exact)
2026-06-17,WATCH - generic CAD,40,Software Engineer - Web for Warfighters,Lockheed Martin Corporation,,"Orlando, Orange County","£133,407",False,,,https://www.adzuna.com/land/ad/5764811141?se=WD0-o1Nq8RG617uXcziRnw&utm_medium=api&utm_source=119695ba&v=29AF70BCC04E2F485D8254B4A9E27497D93AE16E,Adzuna (US),Virtual Worlds (exact)
2026-06-17,WATCH - generic CAD,40,Modeling & Simulation Engineer 1 - 150028978 with Security Clearance,HII Mission Technologies,,"Pocasset, Barnstable County","£123,161",False,,,https://www.adzuna.com/land/ad/5765783612?se=WD0-o1Nq8RG617uXcziRnw&utm_medium=api&utm_source=119695ba&v=B472B96C0EEC0D46354E3F0961D390B1B9D753A1,Adzuna (US),Virtual Worlds (exact)
2026-06-17,WATCH - generic CAD,40,"Senior Machine Learning Engineer, Simulation Evaluation",Waymo,,"San Francisco, California","£213,000 - £263,000",False,,,https://www.adzuna.com/details/5764074718?utm_medium=api&utm_source=119695ba,Adzuna (US),Virtual Worlds (exact)
2026-06-17,WATCH - generic CAD,40,"Software Development Engineer, AFT - Safety and Compliance",Amazon,,"Austin, Travis County","£144,120",False,,,https://www.adzuna.com/land/ad/5766476401?se=WD0-o1Nq8RG617uXcziRnw&utm_medium=api&utm_source=119695ba&v=9CAD24465220E8D693D8881EEA5A09003D650F0E,Adzuna (US),Virtual Worlds (exact)
2026-06-17,WATCH - generic CAD,40,"Software Development Engineer, AFT - Safety and Compliance",Amazon,,"Tarrytown, Travis County","£166,073",False,,,https://www.adzuna.com/details/5763924067?utm_medium=api&utm_source=119695ba,Adzuna (US),Virtual Worlds (exact)
2026-06-17,WATCH - generic CAD,40,Remote World Language Teacher - Spanish & French,Greater Commonwealth Virtual School,,"New York, NY",$57.44k - $93.72k,False,,,https://jooble.org/jdp/-3309370729569837368,Jooble,Virtual Worlds (exact)
2026-06-17,WATCH - generic CAD,40,"Secondary Student Teaching Supervisor, World Languages (Spanish)",Elmhurst University,,"Elmhurst, IL",$100 per hour,False,,,https://jooble.org/jdp/-5716428938922806872,Jooble,Virtual Worlds (exact)
2026-06-17,WATCH - generic CAD,40,Research Intern - Video World Models (Research & ML Systems),Tencent,,"Palo Alto, CA",$80.17k - $124.8k,False,,,https://jooble.org/jdp/-6409670574150311034,Jooble,Virtual Worlds (exact)
2026-06-17,WATCH - generic CAD,40,Director of Clinical Research and Real World Evidence,Virta Health,,"New York, NY",$156.37k - $183.96k,False,,,https://jooble.org/jdp/4501826694283584816,Jooble,Virtual Worlds (exact)
2026-06-17,WATCH - generic CAD,40,Senior Staff Digital World System Engineer,XPENG,,"Santa Clara, CA",$203.45k - $344.3k,False,,,https://jooble.org/jdp/-6756991697590469832,Jooble,Virtual Worlds (exact)
2026-06-17,WATCH - generic CAD,40,Online World History Teachers - Part Time 25-26 School Year,Hudson Global Scholars,,"Columbia, MD",$20 per hour,False,,,https://jooble.org/jdp/-6149549827380446894,Jooble,Virtual Worlds (exact)
2026-06-17,WATCH - generic CAD,40,Youth PBL Facilitator: Real-World Skills & Growth,Commonpoint,,"New York, NY",$25 per hour,False,,,https://jooble.org/jdp/-7636406145393359928,Jooble,Virtual Worlds (exact)
2026-06-17,WATCH - generic CAD,40,Installation & Field Enablement Specialist,Coates Group,,"Chicago, IL",$70.4k,False,,,https://jooble.org/jdp/2117015266786680156,Jooble,Winner Design
2026-06-17,WATCH - generic CAD,40,Outside Sales Representative,American Home Design,,"Chattanooga, TN",$100k - $200k,False,,,https://jooble.org/jdp/-6401797869603013926,Jooble,Winner Design
2026-06-17,WATCH - generic CAD,40,Plumber: Journeyman or Tradesman,Haltex Plumbing,,"Denton, TX",$52k,False,,,https://jooble.org/jdp/-2844904577360058027,Jooble,Winner Design
2026-06-17,WATCH - generic CAD,40,In-Store Sales Representative,American Home Design,,"Murfreesboro, TN",$30 per hour,False,,,https://jooble.org/jdp/-7215917190857681248,Jooble,Winner Design
2026-06-17,WATCH - generic CAD,40,Production Graphic Designer,Relay,,"Raleigh, NC",$100k,False,,,https://jooble.org/jdp/4209793719431844284,Jooble,Winner Design
2026-06-17,WATCH - generic CAD,40,Junior Buyer,Coates Group,,"Chicago, IL",$66k,False,,,https://jooble.org/jdp/-6804782782499210804,Jooble,Winner Design
2026-06-17,WATCH - generic CAD,40,Office Manager,Coates Group,,"Chicago, IL",$75k,False,,,https://jooble.org/jdp/5513954135803582728,Jooble,Winner Design
2026-06-17,WATCH - generic CAD,40,Distributed Systems Engineer,Moment Technology,,"New York, NY",$200k - $325k,False,,,https://jooble.org/jdp/837787478330810055,Jooble,Winner Design
2026-06-17,WATCH - generic CAD,40,CAD NX1980 Designer,LabPersonnel,,"Batavia, IL",,True,,,https://jooble.org/jdp/1713523271873734529,Jooble,Bathroom CAD designer
2026-06-17,WATCH - generic CAD,40,"CAD Drafter, Designer Technician",Phoenix Investors,,"Milwaukee, WI",,True,,,https://jooble.org/jdp/1688259952479811394,Jooble,Bathroom CAD designer
2026-06-17,WATCH - generic CAD,40,Senior Cabinet Designer,Construction Resources,,"North Charleston, Charleston County","£66,039",False,,,https://www.adzuna.com/details/5766691383?utm_medium=api&utm_source=119695ba,Adzuna (US),Kitchen CAD designer
2026-06-17,WATCH - generic CAD,40,Kitchen Designer,Recruitment Helpline,,Farnham,,True,,,https://www.reed.co.uk/jobs/kitchen-designer/56898933,Reed,Kitchen CAD designer
2026-06-17,WATCH - generic CAD,30,Accounting Manager - CLO Virtual Fashion GmbH,CLO Virtual Fashion GmbH,,"München, München (Kreis)",,False,,,https://www.adzuna.de/details/5763613549?utm_medium=api&utm_source=119695ba,Adzuna (DE),Virtual Worlds (exact)
2026-06-17,WATCH - generic CAD,30,Unity Intern,Beyond Sports,,Nederland,,False,,,https://www.adzuna.nl/details/5763127182?utm_medium=api&utm_source=119695ba,Adzuna (NL),Virtual Worlds (exact)
2026-06-17,WATCH - generic CAD,30,Bathroom Sales Designer,Ernest Gordon Recruitment Limited,,Northwich,"£34,000 - £35,000",True,,,https://www.reed.co.uk/jobs/bathroom-sales-designer/56995978,Reed,Virtual Worlds (exact)
2026-06-17,WATCH - generic CAD,30,Bathroom Sales Designer (Uncapped Commission),Ernest Gordon Recruitment Limited,,London,"£28,000 - £32,000",True,,,https://www.reed.co.uk/jobs/bathroom-sales-designer-uncapped-commission/56950098,Reed,Virtual Worlds (exact)
2026-06-17,WATCH - generic CAD,30,Kitchen Sales Designer (Uncapped Commission),Ernest Gordon Recruitment Limited,,London,"£28,000 - £32,000",True,,,https://www.reed.co.uk/jobs/kitchen-sales-designer-uncapped-commission/56934811,Reed,Virtual Worlds (exact)
2026-06-17,WATCH - generic CAD,30,Kitchen Sales Designer (Uncapped Commission),Ernest Gordon Recruitment Limited,,London,"£28,000 - £32,000",True,,,https://www.reed.co.uk/jobs/kitchen-sales-designer-uncapped-commission/57011224,Reed,Virtual Worlds (exact)
2026-06-17,WATCH - generic CAD,30,Bathroom Sales Designer (Uncapped Commission),Ernest Gordon Recruitment Limited,,London,"£28,000 - £32,000",True,,,https://www.reed.co.uk/jobs/bathroom-sales-designer-uncapped-commission/56985055,Reed,Virtual Worlds (exact)
2026-06-17,WATCH - generic CAD,30,Bathroom Sales Designer,Ernest Gordon Recruitment Limited,,London,"£28,000 - £32,000",True,,,https://www.reed.co.uk/jobs/bathroom-sales-designer/57011194,Reed,Virtual Worlds (exact)
2026-06-17,WATCH - generic CAD,30,World & Classical Language Teacher — Flexible Hours & Virtual Options,Anne Arundel County Public Schools,,"Annapolis, MD",,False,,,https://jooble.org/jdp/5462022678830079707,Jooble,Virtual Worlds (exact)
2026-06-17,WATCH - generic CAD,30,"Virtual Assistant (remote) at United World Industries New York, NY",Itlearn360,,"New York, NY",,False,,,https://jooble.org/jdp/-67767415826605306,Jooble,Virtual Worlds (exact)
2026-06-17,WATCH - generic CAD,30,AP World History Tutors (Instant),"Varsity Tutors, a Nerdy Company",,"Miami, FL",,False,,,https://jooble.org/jdp/-1387132607859037453,Jooble,Virtual Worlds (exact)
2026-06-17,WATCH - generic CAD,30,We’re building a world that transcends traditional gaming paradigms.,Mother Games,,United States,,False,,,https://jooble.org/jdp/5502766924754350617,Jooble,Virtual Worlds (exact)
2026-06-17,WATCH - generic CAD,30,Embajador de Marca para Kiosco | World ID | Do Fundador de ChatGPT,FPX FINANCIAL PURPOSE EXPONENTIAL C,,"Orlando, FL",,False,,,https://jooble.org/jdp/-6736147521521465773,Jooble,Virtual Worlds (exact)
2026-06-17,WATCH - generic CAD,30,"How to Save the World,Volunteer Public Relations Manager, CrowdDoing",M4A Foundation,,"El Dorado Hills, CA",,False,,,https://jooble.org/jdp/-4028782746176373892,Jooble,Virtual Worlds (exact)
2026-06-17,WATCH - generic CAD,30,Green Career: Real-World Projects (6-Week Virtual Cohort),MobilizeGreen,,Washington DC,,False,,,https://jooble.org/jdp/3377924943690341043,Jooble,Virtual Worlds (exact)
2026-06-17,WATCH - generic CAD,30,"Brand Ambassador - LOF FIFA World Cup (Seattle, WA)",GMR Marketing,,"Seattle, WA",,False,,,https://jooble.org/jdp/-1719959856972586287,Jooble,Virtual Worlds (exact)
2026-06-17,WATCH - generic CAD,30,On-Call Security Officer: ConocoPhillips World Headquarters,Denali Universal Services Recruiting,,"Houston, TX",,False,,,https://jooble.org/jdp/-5900023754330004583,Jooble,Virtual Worlds (exact)
2026-06-17,WATCH - generic CAD,30,Test Prep Tutor - World History,"Great Expectations College Prep, LLC",,"Los Angeles, CA",,False,,,https://jooble.org/jdp/7330035105732745659,Jooble,Virtual Worlds (exact)
2026-06-17,WATCH - generic CAD,30,Event Environmental Cleaner - FIFA World Cup,Kansas City Chiefs,,"Kansas City, MO",,False,,,https://jooble.org/jdp/4364474623621453689,Jooble,Virtual Worlds (exact)
2026-06-17,WATCH - generic CAD,30,1 hr: Coach Tri-Cities Students to Solve Real-World Problems!,JA of Georgia (Junior Achievement),,"East Point, GA",,False,,,https://jooble.org/jdp/-2255263629384134413,Jooble,Virtual Worlds (exact)
2026-06-17,WATCH - generic CAD,30,"HEOR Intern, Real-World Evidence","Precision Medicine Group, LLC.",,"New York, NY",,False,,,https://jooble.org/jdp/7336357784784408336,Jooble,Virtual Worlds (exact)
2026-06-17,WATCH - generic CAD,30,Franchise Operator: Build a World-Class Team,Chick-fil-A Corporate Support Center,,"Diamond Springs, CA",,False,,,https://jooble.org/jdp/-8510459375853478197,Jooble,Virtual Worlds (exact)
2026-06-17,WATCH - generic CAD,30,Deputy Workforce Manager - FIFA World Cup 26 | Atlanta,Fédération Internationale de Football Association,,"Atlanta, GA",,False,,,https://jooble.org/jdp/8058706670406632176,Jooble,Virtual Worlds (exact)
2026-06-17,WATCH - generic CAD,30,Teacher: World & Classical Language (French),Anne Arundel County Public Schools,,"Annapolis, MD",,False,,,https://jooble.org/jdp/-5490870300157115750,Jooble,Virtual Worlds (exact)
2026-06-17,WATCH - generic CAD,30,"Netflix Taggers.Com, Netflix Remote Job, Netflix Tagget US ( Games Editorial Strategist )",frontendnode-production.up.railway.app,,,,False,,,https://frontendnode-production.up.railway.app/job/netflix-taggerscom-netflix-remote-job-netflix-tagget-us-games-editorial-strategist,Frontendnode-Production.up.railway.app - Railway (via JSearch),Virtual Worlds (exact)
2026-06-17,WATCH - generic CAD,30,Work At Home Amazon Customer Service Jobs,frontendnode-production.up.railway.app,,,,False,,,https://frontendnode-production.up.railway.app/job/work-at-home-amazon-customer-service-jobs-13,Frontendnode-Production.up.railway.app - Railway (via JSearch),Virtual Worlds (exact)
2026-06-17,WATCH - generic CAD,30,[Remote] Senior Content Designer (Contract),careersprint,,,,False,,,https://careersprint.7f.liveblog365.com/job/2553481,CareerSprint (via JSearch),Virtual Worlds (exact)
2026-06-17,WATCH - generic CAD,30,Concepteur Vendeur Cuisines H/F,Concepteur Vendeur,,"Sète, Montpellier",,False,,,https://www.adzuna.fr/details/5765297345?utm_medium=api&utm_source=119695ba,Adzuna (FR),Winner Design
2026-06-17,WATCH - generic CAD,30,GRAND HOMES NEW HOME SALES PROFESSIONAL,Grand Homes,,"Dallas, TX",,False,,,https://jooble.org/jdp/3122949024895409700,Jooble,Winner Design
2026-06-17,WATCH - generic CAD,30,Senior Designer - UX,Market America,,United States,,False,,,https://jooble.org/jdp/-4105551145825544408,Jooble,Winner Design
2026-06-17,WATCH - generic CAD,30,In Home HVAC Sales Estimator,ADVANTAGE AIR INC,,"Long Beach, CA",,False,,,https://jooble.org/jdp/259510892236014357,Jooble,Winner Design
2026-06-17,WATCH - generic CAD,30,INTERIOR DESIGN PROFESSIONAL,IBB Design Fine Furnishings,,"Frisco, TX",,False,,,https://jooble.org/jdp/4745063137486016086,Jooble,Winner Design
2026-06-17,WATCH - generic CAD,30,EHS Manager,Solar Landscape,,"Asbury Park, NJ",,False,,,https://jooble.org/jdp/5805565337064373098,Jooble,Winner Design
2026-06-17,WATCH - generic CAD,30,Junior Interior Designer,The Finders,,"Phoenix, AZ",,False,,,https://jooble.org/jdp/2969536343165117778,Jooble,Winner Design
2026-06-17,WATCH - generic CAD,30,Sales Development Representative,Crimson Education,,"Kahului, HI",,False,,,https://jooble.org/jdp/-1121910287175556837,Jooble,Winner Design
2026-06-17,WATCH - generic CAD,30,Assistant Project Manager,Solar Landscape,,"Chicago, IL",,False,,,https://jooble.org/jdp/-2012413074359467507,Jooble,Winner Design
2026-06-17,WATCH - generic CAD,30,Architecture Designer,LPA Design Studios,,"Sacramento, CA",,False,,,https://jooble.org/jdp/7399318617816400859,Jooble,Winner Design
2026-06-17,WATCH - generic CAD,30,Product Designer,Planhat,,"Los Angeles, CA",,False,,,https://jooble.org/jdp/4514186555436391523,Jooble,Winner Design
2026-06-17,WATCH - generic CAD,30,Director of Design,Soundstripe,,"Nashville, TN",,False,,,https://jooble.org/jdp/3834055719757550055,Jooble,Winner Design
2026-06-17,WATCH - generic CAD,30,Project Architect,Northern Impact,,"Berkeley, CA",,False,,,https://jooble.org/jdp/6895828826041620734,Jooble,Winner Design
2026-06-17,WATCH - generic CAD,30,Job Captain,Northern Impact,,"San Diego, CA",,False,,,https://jooble.org/jdp/-1777256695574047651,Jooble,Winner Design
2026-06-17,WATCH - generic CAD,30,Structural Designer,"Ruekert & Mielke, Inc",,"Iowa City, IA",,False,,,https://jooble.org/jdp/4998816410062309920,Jooble,Winner Design
2026-06-17,WATCH - generic CAD,30,Senior Solar Asset Manager,Solar Landscape,,"Asbury Park, NJ",,False,,,https://jooble.org/jdp/5442333710894834912,Jooble,Winner Design
2026-06-17,WATCH - generic CAD,30,"Principal Project Engineer, Engineering Standards",Solar Landscape,,"Asbury Park, NJ",,False,,,https://jooble.org/jdp/3653374963663771999,Jooble,Winner Design
2026-06-17,WATCH - generic CAD,30,Solar Quality Analyst,Solar Landscape,,"Asbury Park, NJ",,False,,,https://jooble.org/jdp/-3046390339479683131,Jooble,Winner Design
2026-06-17,WATCH - generic CAD,30,Creative Designer II,Andrews Distributing,,"Dallas, TX",,False,,,https://jooble.org/jdp/7083055401874215006,Jooble,Winner Design
2026-06-17,WATCH - generic CAD,30,Senior Backend Engineer,Branding Brand,,"Pittsburgh, PA",$25 - $70 per hour,True,,,https://jooble.org/jdp/-475188320337359541,Jooble,Winner Design
2026-06-17,WATCH - generic CAD,30,Principal Architect,Northern Impact,,"Austin, TX",,False,,,https://jooble.org/jdp/-3278387735431490672,Jooble,Winner Design
2026-06-17,WATCH - generic CAD,30,Architecture Project Manager,LPA Design Studios,,"Dallas, TX",,False,,,https://jooble.org/jdp/3732653131313683527,Jooble,Winner Design
2026-06-17,WATCH - generic CAD,30,Electrical Drafter,Baisch Engineering,,"Kaukauna, WI",,False,,,https://jooble.org/jdp/5725822706782960632,Jooble,Winner Design
2026-06-17,WATCH - generic CAD,30,Concepteur Vendeur Nancy ( 54),Mobelcuisine,,France,,False,,,https://www.adzuna.fr/details/5765053786?utm_medium=api&utm_source=119695ba,Adzuna (FR),Compusoft
2026-06-17,WATCH - generic CAD,30,Kitchen Sales Designer,Axon Moore Group Ltd,,Preston,"£30,000",True,,,https://www.reed.co.uk/jobs/kitchen-sales-designer/56946568,Reed,Compusoft
2026-06-17,WATCH - generic CAD,30,Showroom Sales Manager,City Plumbing,,HP123RS,,False,,,https://www.reed.co.uk/jobs/showroom-sales-manager/56883073,Reed,Bathroom CAD designer
2026-06-17,WATCH - generic CAD,30,Showroom Sales Manager,City Plumbing,,LA33AY,,False,,,https://www.reed.co.uk/jobs/showroom-sales-manager/57029351,Reed,Bathroom CAD designer
2026-06-17,WATCH - generic CAD,30,Showroom Sales Manager,City Plumbing,,OX264UU,,False,,,https://www.reed.co.uk/jobs/showroom-sales-manager/56927789,Reed,Bathroom CAD designer
2026-06-17,WATCH - generic CAD,30,Showroom Sales Manager,City Plumbing,,GL25DX,,False,,,https://www.reed.co.uk/jobs/showroom-sales-manager/56927788,Reed,Bathroom CAD designer
2026-06-17,WATCH - generic CAD,30,Showroom Sales Manager,City Plumbing,,BS307ET,,False,,,https://www.reed.co.uk/jobs/showroom-sales-manager/56983888,Reed,Bathroom CAD designer
2026-06-17,WATCH - generic CAD,30,Showroom Partnerships Manager,City Plumbing,,BN20DF,,False,,,https://www.reed.co.uk/jobs/showroom-partnerships-manager/56665799,Reed,Bathroom CAD designer
2026-06-17,WATCH - generic CAD,30,Showroom Sales Manager,City Plumbing,,CV370XX,,False,,,https://www.reed.co.uk/jobs/showroom-sales-manager/56883075,Reed,Bathroom CAD designer
2026-06-17,WATCH - generic CAD,30,Showroom Sales Manager,City Plumbing,,KT25BQ,,False,,,https://www.reed.co.uk/jobs/showroom-sales-manager/56983890,Reed,Bathroom CAD designer
2026-06-17,WATCH - generic CAD,30,Showroom Sales Manager,City Plumbing,,YO304XE,,False,,,https://www.reed.co.uk/jobs/showroom-sales-manager/56995903,Reed,Bathroom CAD designer
2026-06-17,WATCH - generic CAD,30,Showroom Sales Manager,City Plumbing,,CA30EH,,False,,,https://www.reed.co.uk/jobs/showroom-sales-manager/57029163,Reed,Bathroom CAD designer
2026-06-17,WATCH - generic CAD,30,Kitchen & Bath Designer — Innovative Space Planner,NKBA,,"Rye, NY",,False,,,https://jooble.org/jdp/2045921306629659175,Jooble,Kitchen CAD designer
2026-06-17,WATCH - generic CAD,20,Staff Game Designer – World & Community,WFHVerse,,,,True,,,https://wfhverse.5z.liveblog365.com/job/2472112,WFHVerse (via JSearch),Virtual Worlds (exact)
2026-06-17,WATCH - generic CAD,20,"Professional Learning Facilitator, Full-time-Temp",World Savvy,,,,True,,,https://www.linkedin.com/jobs/view/professional-learning-facilitator-full-time-temp-at-world-savvy-4428065970,LinkedIn (via JSearch),Virtual Worlds (exact)
2026-06-17,WARM - Winner/Cyncly,80,Kitchen And Bath Sales Designer,"Kitchen Design Partners, Inc.",,"Northbrook, IL",,False,,I came across the Kitchen And Bath Sales Designer role at Kitchen Design Partners and was impressed by the emphasis on design expertise and customer relationships.,https://jooble.org/jdp/6137768448713515923,Jooble,Cyncly
2026-06-17,WARM - Winner/Cyncly,80,Kitchen Designer-European Products Specialist,Nobilia North America Inc.,,"Mobile, AL",,False,,I came across the Kitchen Designer-European Products Specialist role at Nobilia North America Inc. and was impressed by the emphasis on utilizing design software to create detailed floor plans and 3D visualizations.,https://jooble.org/jdp/3774666403823618846,Jooble,Cyncly
2026-06-17,WARM - Winner/Cyncly,80,Kitchen Sales Designer,SEEK APPLIANCES LIMITED,,"Nottingham, Nottinghamshire","£36,041",False,,I came across your Kitchen Sales Designer role and was impressed by the emphasis on creating high-quality designs for your customers,https://www.adzuna.co.uk/jobs/land/ad/5766985457?se=iIffcYxq8RGNlJLvgglOgg&utm_medium=api&utm_source=119695ba&v=8FB139B3F71E8129083922646C12D74E73AF864D,Adzuna (GB),Compusoft
2026-06-18,HOT - Virtual Worlds,95,Kitchen & Bath Showroom Designer,Famous Supply,,"Cleveland, OH",$24 per hour,False,,I came across the Kitchen & Bath Showroom Designer role at Famous Supply and was impressed by the use of ProKitchen CAD program to drive design and sales solutions.,https://jooble.org/jdp/5874817656489935490,Jooble,Kitchen CAD designer
2026-06-18,WARM - Winner/Cyncly,90,Kitchen and Bath Designer,West Haven Lumber,,"Coventry, RI",,False,,I came across the Kitchen and Bath Designer role at West Haven Lumber and was impressed by the opportunity to create stunning kitchen designs using CAD software,https://jooble.org/jdp/-6858202802408723724,Jooble,Kitchen CAD designer
2026-06-18,WARM - Winner/Cyncly,80,Kitchen Designer,DESIGNER RECRUITMENT LTD,,"Shavington, Crewe","£50,000",True,,We'd love to discuss how our CAD/CGI services can support your kitchen design team in driving sales growth,https://www.adzuna.co.uk/jobs/land/ad/5768004846?se=4p2WXUFr8RG7Hqid53lPPQ&utm_medium=api&utm_source=119695ba&v=169230BDA26896344CA8DC44B7963BE29C27DB5F,Adzuna (GB),Kitchen CAD designer
2026-06-18,WARM - Winner/Cyncly,80,Kitchen designer,Galleria Design inc,,"Bas-Saint-Laurent, Québec","£45,760",False,,I came across the kitchen designer role at Galleria Design inc and was impressed by the company's focus on creating interior spaces that reflect clients' needs and tastes.,https://www.adzuna.ca/details/5767960633?utm_medium=api&utm_source=119695ba,Adzuna (CA),Kitchen CAD designer
2026-06-19,HOT - Virtual Worlds,95,"Lux Kitchen Designer - Showroom CAD, Denver",Downtown Boulder Partnership,,"Denver, CO",,False,,I came across the Lux Kitchen Designer role at German Kitchen Center and was impressed by the opportunity to create stunning kitchen designs in a luxury showroom setting.,https://jooble.org/jdp/7234248933805019627,Jooble,Kitchen CAD designer
2026-06-19,WARM - Winner/Cyncly,90,Senior Kitchen Designer,Metropolitan Cabinets and Countertops,,"Watertown, MA",,False,,I came across the Senior Kitchen Designer role at Metropolitan Cabinets and Countertops and was impressed by the company's commitment to innovative design,https://jooble.org/jdp/-3732986075590363851,Jooble,Kitchen CAD designer
2026-06-19,WARM - Winner/Cyncly,80,"Kitchen Designer - Hybrid, Ashland, MA",The Corner Cabinet,,"Ashland, Middlesex County","£65,804",False,,I came across your job posting for a Kitchen Designer and was impressed by the emphasis on transforming clients' visions into stunning kitchen spaces.,https://www.adzuna.com/land/ad/5769031830?se=Bv65e_1r8RGl0MKcaJBBpg&utm_medium=api&utm_source=119695ba&v=4A7A9919DCEABD0174C2E5F00B65AB3A0D1A8BA3,Adzuna (US),Cyncly
2026-06-19,WARM - Winner/Cyncly,80,Kitchen Designer - New York,Riverhead Building Supply,,"East Hampton, NY",$20 - $30 per hour,False,,"Hi, I came across the Kitchen Designer role at Riverhead Building Supply and was impressed by the opportunity to design and sell kitchen cabinetry",https://jooble.org/jdp/-1637813788789373642,Jooble,Kitchen CAD designer
2026-06-19,WARM - Winner/Cyncly,90,Kitchen Designer,Mitre 10 MEGA,,"Rodney, Auckland",,False,,I came across the Kitchen Designer role at Mitre 10 MEGA and was impressed by the emphasis on using design software to create effective kitchen and bathroom layouts,https://www.adzuna.co.nz/details/5769718887?utm_medium=api&utm_source=119695ba,Adzuna (NZ),Winner Design
2026-06-19,WARM - Winner/Cyncly,80,CAD Designer,The Fountain Group,,"Granville, OH",$40 - $42 per hour,False,,I came across the CAD Designer role at The Fountain Group and was impressed by the company's commitment to innovative design solutions,https://jooble.org/jdp/-1981717554949932891,Jooble,Bathroom CAD designer
2026-06-19,WARM - Winner/Cyncly,80,Designer,Monarch Cabinetry & Manufacturing,,"Springfield, Sangamon County","£65,580",False,,I came across the Designer role at Monarch Cabinetry & Manufacturing and was impressed by your company's commitment to quality and customer value.,https://www.adzuna.com/land/ad/5769576657?se=JqXDkils8RGJe8gKxAvXaw&utm_medium=api&utm_source=119695ba&v=1E104CF0A502B52E59A7104AE9E2F2662E28F0DD,Adzuna (US),Kitchen CAD designer
2026-06-19,WARM - Winner/Cyncly,80,Kitchen Designer & Sales — Signing Bonus & Top Pay,NKBA,,"Chevy Chase, MD",,False,,We came across your posting for a Kitchen Designer and were impressed by the emphasis on CAD proficiency,https://jooble.org/jdp/2480077444184334532,Jooble,Kitchen CAD designer
2026-06-19,WARM - Winner/Cyncly,80,Kitchen Designer/Sales,NKBA,,"Chevy Chase, MD",,False,,We noticed your company is looking for a skilled Kitchen Designer with CAD expertise and thought our CAD/CGI services could support your design team.,https://jooble.org/jdp/-3128559562541643373,Jooble,Kitchen CAD designer
2026-06-20,WARM - Winner/Cyncly,80,Kitchen Designer - New York,Riverhead Building Supply,,"Riverhead, NY",$20 - $30 per hour,False,,"Hi, I came across the Kitchen Designer role at Riverhead Building Supply and was impressed by the opportunity to design and sell kitchen cabinetry, I'd love to discuss how our CAD/CGI services can support your team",https://jooble.org/jdp/-7914943930625183830,Jooble,Kitchen CAD designer
2026-06-21,HOT - Virtual Worlds,95,Kitchen and Bathroom Designer,GCS Associates,,Llandeilo,"£28,000 - £31,000",False,,I came across your job posting for a Kitchen and Bathroom Designer and was impressed by the opportunity to join a leading company in the area.,https://www.reed.co.uk/jobs/kitchen-and-bathroom-designer/57000699,Reed,Bathroom CAD designer
2026-06-21,HOT - Virtual Worlds,90,Kitchen Designer,Stoneham PLC,,Sidcup,"£36,000 - £55,000",True,,I came across the Kitchen Designer role at Stoneham PLC and was impressed by the company's reputation for excellence in premium kitchen manufacturing,https://www.reed.co.uk/jobs/kitchen-designer/56970475,Reed,Compusoft
2026-06-21,HOT - Virtual Worlds,90,Kitchen Designer,Innovative Interiors,,"Cincinnati, OH",,False,,"Hi, I came across the Kitchen Designer role at Innovative Interiors and was impressed by the company's focus on interior design",https://jooble.org/jdp/-4081602527097180206,Jooble,Kitchen CAD designer
2026-06-21,WARM - Winner/Cyncly,90,Residential Kitchen Designer,"CCTHC Inc / Lavish Kitchen and Bath, Inc.",,"San Antonio, TX",$60k - $120k,False,,I came across the Residential Kitchen Designer role at Lavish Kitchen and Bath and was impressed by the emphasis on European Cabinetry and CAD skills,https://jooble.org/jdp/8168364863955627474,Jooble,Kitchen CAD designer
2026-06-21,WARM - Winner/Cyncly,90,Kitchen and Bath Designer,Sunique Cabinets,,"Carrollton, TX",,False,,I came across the Kitchen and Bath Designer role at Sunique Cabinets and was impressed by the company's focus on using CAD software to create detailed designs,https://jooble.org/jdp/2157351894422652445,Jooble,Kitchen CAD designer
2026-06-21,WARM - Winner/Cyncly,80,Intermediate Interior Designer,Innovative Office Solutions LLC,,"Minneapolis, MN",,False,,I came across your posting for an Intermediate Interior Designer and was impressed by the emphasis on technical skills like Cyncly,https://jooble.org/jdp/-3878675626607392506,Jooble,Cyncly
2026-06-21,WARM - Winner/Cyncly,80,Designer,Office Revolution,,"Chicago, IL",$60k - $90k,False,,I came across the Designer role at Office Revolution and was impressed by the emphasis on technical drawing and space planning skills.,https://jooble.org/jdp/-384439673724345633,Jooble,Cyncly
2026-06-21,WARM - Winner/Cyncly,80,Kitchen And Bath Sales Designer,"Kitchen Design Partners, Inc.",,"Northbrook, IL",,False,,I came across the Kitchen And Bath Sales Designer role at Kitchen Design Partners and was impressed by the emphasis on design expertise and customer relationships.,https://jooble.org/jdp/6137768448713515923,Jooble,Cyncly
2026-06-21,WARM - Winner/Cyncly,80,Kitchen Designer-European Products Specialist,Nobilia North America Inc.,,"Miami, FL",,False,,I came across the Kitchen Designer-European Products Specialist role at Nobilia North America Inc. and was impressed by the emphasis on utilizing design software to create detailed floor plans and 3D visualizations.,https://jooble.org/jdp/-2628326685075748827,Jooble,Cyncly
2026-06-21,WARM - Winner/Cyncly,80,Kitchen and Bath Designer (Design Sales),,,"Milford, CT",$50k - $60k,False,,I came across your Kitchen and Bath Designer role and was impressed by the opportunity to work with Cyncly Design Flex software,https://jooble.org/jdp/-7902092451433650557,Jooble,Cyncly
2026-06-21,WARM - Winner/Cyncly,80,Kitchen Designer / Project Manager,Z Ventures Ny Corp DBA Doca NYC,,"New York, NY",$20 - $45 per hour,False,,I came across your job posting for a Kitchen Designer and was impressed by the use of innovative software like Winner by Compusoft to create stunning designs,https://jooble.org/jdp/3062164961892848303,Jooble,Compusoft
2026-06-21,WARM - Winner/Cyncly,80,CAD Designer,The Fountain Group,,"Granville, OH",$40 - $42 per hour,False,,I came across the CAD Designer role at The Fountain Group and was impressed by the opportunity to work with a prominent client,https://jooble.org/jdp/-1981717554949932891,Jooble,Bathroom CAD designer
2026-06-21,WARM - Winner/Cyncly,80,Kitchen Designer,DESIGNER RECRUITMENT LTD,,"Shavington, Crewe","£50,000",True,,We'd love to discuss how our CAD/CGI services can support your kitchen design team in driving sales growth,https://www.adzuna.co.uk/jobs/land/ad/5768004846?se=SquAFEJt8RGJe8gKxAvXaw&utm_medium=api&utm_source=119695ba&v=169230BDA26896344CA8DC44B7963BE29C27DB5F,Adzuna (GB),Kitchen CAD designer
2026-06-21,WARM - Winner/Cyncly,80,Kitchen Designer,Dennis and Robinson T/A Paula Rosa Manhattan,,BN158UH,"£30,000 - £38,000",False,,I came across the Kitchen Designer role at Paula Rosa Manhattan and was impressed by the company's focus on creating compliant and cost-effective kitchen designs,https://www.reed.co.uk/jobs/kitchen-designer/57013932,Reed,Kitchen CAD designer
2026-06-21,WARM - Winner/Cyncly,80,Kitchen Designer,Workshop Recruitment,,RH12GD,"£30,000 - £38,000",True,,I came across your Kitchen Designer role and was impressed by the emphasis on creative design and CAD experience.,https://www.reed.co.uk/jobs/kitchen-designer/56903504,Reed,Kitchen CAD designer
2026-06-21,WARM - Winner/Cyncly,80,Commercial Kitchen Designer,Cavendish Maine Recruitment,,MK179LJ,"£30,000 - £45,000",True,,I came across the Commercial Kitchen Designer role at your company and was impressed by the bespoke kitchen solutions you deliver to the hospitality and leisure sector,https://www.reed.co.uk/jobs/commercial-kitchen-designer/56978461,Reed,Kitchen CAD designer
2026-06-21,WARM - Winner/Cyncly,80,Trainee Kitchen Designer/Sales Executive (Full CAD Training),Ernest Gordon Recruitment Limited,,Birkenhead,"£25,000 - £35,000",True,,We came across your job posting for a Trainee Kitchen Designer and were impressed by the opportunity for CAD training and career progression.,https://www.reed.co.uk/jobs/trainee-kitchen-designer-sales-executive-full-cad-training/57016154,Reed,Kitchen CAD designer
2026-06-21,WARM - Winner/Cyncly,80,CAD Technician/Interior Designer (Kitchens),Ernest Gordon Recruitment Limited,,Birkenhead,"£25,000 - £35,000",True,,We noticed your company is looking for a CAD Technician/Interior Designer and we'd love to discuss how our CAD/CGI services can support your design team.,https://www.reed.co.uk/jobs/cad-technician-interior-designer-kitchens/57016084,Reed,Kitchen CAD designer
2026-06-21,WATCH - generic CAD,60,Kitchen Designer - New York,Riverhead Building Supply,,"East Hampton, NY",$20 - $30 per hour,False,,,https://jooble.org/jdp/-1637813788789373642,Jooble,Kitchen CAD designer
2026-06-21,WATCH - generic CAD,60,CAD Drafter Designer,Aegis Worldwide,,"Elk Grove Village, IL",$65k - $85k,False,,,https://jooble.org/jdp/8890869474542288211,Jooble,Kitchen CAD designer
2026-06-21,WATCH - generic CAD,50,Senior Kitchen Designer,Metropolitan Cabinets and Countertops,,"Watertown, MA",,False,,,https://jooble.org/jdp/-3732986075590363851,Jooble,Kitchen CAD designer
2026-06-21,WATCH - generic CAD,50,PCB CAD Designer,Robert Half,,"Thorofare, NJ",,False,,,https://jooble.org/jdp/-6167138594490114408,Jooble,Kitchen CAD designer
2026-06-21,WATCH - generic CAD,50,Kitchen and Bath Designer,Flagship Staffing Services,,"East Greenwich, RI",,False,,,https://jooble.org/jdp/-7949806845461475743,Jooble,Kitchen CAD designer
2026-06-21,WATCH - generic CAD,50,Fire Alarm CAD Designer,"Fire Systems, Inc.",,"Smyrna, GA",,False,,,https://jooble.org/jdp/-1874248887394372716,Jooble,Kitchen CAD designer
2026-06-21,WATCH - generic CAD,50,Drafter / CAD Designer,Lifewater Engineering Company,,"Fairbanks, AK",,False,,,https://jooble.org/jdp/3241459521366692755,Jooble,Kitchen CAD designer
2026-06-21,WATCH - generic CAD,50,Kitchen and Bath Interior Designer / Sales,Dreammaker Bath and Kitchen of Madison,,"Madison, WI",,False,,,https://jooble.org/jdp/5057090966055305622,Jooble,Kitchen CAD designer
2026-06-21,WATCH - generic CAD,50,"Lux Kitchen Designer - Showroom CAD, Denver",Downtown Boulder Partnership,,"Denver, CO",,False,,,https://jooble.org/jdp/7234248933805019627,Jooble,Kitchen CAD designer
2026-06-21,WARM - Winner/Cyncly,90,Kitchen and Bath Designer,West Haven Lumber,,"Coventry, RI",,False,,I came across the Kitchen and Bath Designer role at West Haven Lumber and was impressed by the opportunity to create stunning kitchen designs using CAD software,https://jooble.org/jdp/-6858202802408723724,Jooble,Kitchen CAD designer
2026-06-21,WARM - Winner/Cyncly,80,Kitchen Designer - New York,Riverhead Building Supply,,"Riverhead, NY",$20 - $30 per hour,False,,"Hi, I came across the Kitchen Designer role at Riverhead Building Supply and was impressed by the opportunity to design and sell kitchen cabinetry",https://jooble.org/jdp/-7914943930625183830,Jooble,Kitchen CAD designer
2026-06-21,WARM - Winner/Cyncly,80,Kitchen Designer & Sales — Signing Bonus & Top Pay,NKBA,,"Chevy Chase, MD",,False,,"Exciting to see a leading kitchen design firm like yours investing in top talent, how do you currently handle your CAD and visualisation needs?",https://jooble.org/jdp/2480077444184334532,Jooble,Kitchen CAD designer
2026-06-21,WARM - Winner/Cyncly,80,Kitchen Designer/Sales,NKBA,,"Chevy Chase, MD",,False,,I came across your job posting for a Kitchen Designer/Sales role and was impressed by the emphasis on CAD skills,https://jooble.org/jdp/-3128559562541643373,Jooble,Kitchen CAD designer
2026-06-22,WARM - Winner/Cyncly,90,Kitchen and Bath Designer,West Haven Lumber,,"West Haven, CT",,False,,I came across the Kitchen and Bath Designer role at West Haven Lumber and was impressed by the opportunity to work with a family-owned construction design and supply corporation.,https://jooble.org/jdp/-4430921635475003378,Jooble,Kitchen CAD designer
2026-06-22,WARM - Winner/Cyncly,90,Kitchen and Bath Designer,Sunique Cabinets,,"Carrollton, TX",,False,,I came across the Kitchen and Bath Designer role at Sunique Cabinets and was impressed by the company's focus on using CAD software to bring clients' visions to life.,https://jooble.org/jdp/-2111189677430362801,Jooble,Kitchen CAD designer
2026-06-22,WARM - Winner/Cyncly,90,Kitchen and Bath Designer,Aqua Kitchen,,"Wayne, NJ",,False,,I came across the Kitchen and Bath Designer role at Aqua Kitchen and was impressed by the company's commitment to using CAD software for design and planning.,https://jooble.org/jdp/2341861005571848650,Jooble,Kitchen CAD designer
2026-06-22,WARM - Winner/Cyncly,80,"Kitchen Designer - Hybrid, Ashland, MA",The Corner Cabinet,,"Ashland, MA",,False,,I saw your posting for a Kitchen Designer and was impressed by your use of Cyncly Design Live to create detailed kitchen visualizations,https://jooble.org/jdp/-6619120759262434467,Jooble,Cyncly
2026-06-22,WARM - Winner/Cyncly,80,Contract Kitchen Designer,Jdr---Just-Dynamic-Recruitment-1,,"Harrogate, TN",£31.5k per year,True,,I came across the Contract Kitchen Designer role at Jdr and was impressed by the emphasis on design software proficiency,https://jooble.org/jdp/-1811045587169690708,Jooble,Compusoft
2026-06-22,WARM - Winner/Cyncly,80,Residential CAD Designer for High-End Homes,We Search People,,"Cleburne, TX",$80k - $90k,False,,"I came across your posting for a Residential CAD Designer and was impressed by the emphasis on high-end home design, we'd love to discuss how our CAD/CGI services can support your team",https://jooble.org/jdp/-3182292412152053399,Jooble,Bathroom CAD designer
2026-06-22,WARM - Winner/Cyncly,80,"CAD Designer Sterling Heights, Michigan, US",KPS Global LLC,,"Sterling Heights, MI",,False,,I came across the CAD Designer role at KPS Global LLC and was impressed by the company's focus on precise design documentation,https://jooble.org/jdp/1402352430949664012,Jooble,Bathroom CAD designer
2026-06-22,WARM - Winner/Cyncly,80,Kitchen Surveyor / Kitchen Designer,WHQS,,"Belle Isle, Leeds","£33,800",False,,I came across your Kitchen Surveyor / Kitchen Designer role and was impressed by the opportunity to work with a national kitchen supplier,https://www.adzuna.co.uk/jobs/land/ad/5772158052?se=nEhlTFNu8RGLrccMWCcOdA&utm_medium=api&utm_source=119695ba&v=FDBA593889388733BEAF3F065F1CFBF069FBA938,Adzuna (GB),Kitchen CAD designer
2026-06-22,WARM - Winner/Cyncly,80,Kitchen Sales Designer,Howdens-95ed4e89,,"Watford City, ND",,False,,"Hi, I saw the Kitchen Sales Designer role at Howdens and was impressed by the emphasis on CAD training, I'd love to discuss how our CAD/CGI services can support your design team.",https://jooble.org/jdp/2105724005074906102,Jooble,Kitchen CAD designer
2026-06-22,WARM - Winner/Cyncly,80,Shower Door 3D CAD Designer & Drafter | SolidWorks Pro,Payfuture Technologies,,"Mason, OH",,False,,I came across your job posting for a Shower Door 3D CAD Designer and was impressed by the opportunity to create stunning custom designs,https://jooble.org/jdp/-7911721690351132079,Jooble,Kitchen CAD designer
2026-06-22,WATCH - generic CAD,50,CAD Designer I: SolidWorks Design & Drafting,Nabors Corporate Services Inc,,"Houston, TX",,False,,,https://jooble.org/jdp/132234913619931209,Jooble,Kitchen CAD designer
2026-06-22,WATCH - generic CAD,50,CAD Designer II Precision Drafting & GD&T,RBC - Sargent Aerospace & Defense,,"Tucson, AZ",,False,,,https://jooble.org/jdp/-4265372227825809849,Jooble,Kitchen CAD designer
2026-06-22,WATCH - generic CAD,50,CAD Designer (SolidWorks) for Heavy Truck Systems,Assembly Systems,,"Surprise, AZ",,False,,,https://jooble.org/jdp/-4075540604698216538,Jooble,Kitchen CAD designer
2026-06-22,WARM - Winner/Cyncly,80,High-End Kitchen & Bath Designer — CAD & Sales,NKBA,,"Manhasset, NY",,False,,I came across the High-End Kitchen & Bath Designer position at NKBA and was impressed by the emphasis on creative design and technical skills.,https://jooble.org/jdp/-9061636504051778153,Jooble,Kitchen CAD designer
2026-06-22,WARM - Winner/Cyncly,80,Innenausbau CAD-Designer (Revit/AutoCAD),Brumann Innenraumkonzepte GmbH,,"New Bremen, OH",,False,,"We noticed your company is looking for a skilled CAD designer to create high-quality interior designs, and we'd love to explore how our CAD/CGI services can support your team.",https://jooble.org/jdp/-5903402076923429277,Jooble,Kitchen CAD designer
2026-06-23,WARM - Winner/Cyncly,90,Kitchen Designer,Ateliers Jacob Cuisine & Espace,,Washington DC,,False,,I came across the Kitchen Designer role at Ateliers Jacob Cuisine & Espace and was impressed by the company's focus on high-end kitchen design,https://jooble.org/jdp/2265293990521364605,Jooble,Kitchen CAD designer
2026-06-23,WARM - Winner/Cyncly,80,Kitchen Designer-European Products Specialist,Nobilia North America Inc.,,"Mobile, AL",,False,,I came across the Kitchen Designer-European Products Specialist role at Nobilia North America Inc. and was impressed by the emphasis on utilizing design software to create detailed floor plans and 3D visualizations.,https://jooble.org/jdp/3774666403823618846,Jooble,Cyncly
2026-06-23,WARM - Winner/Cyncly,80,Kitchen Designer,DESIGNER RECRUITMENT LTD,,"Frimley, Camberley","£30,000",True,,I came across your job posting for a Kitchen Designer and was impressed by the opportunity to work with a bespoke kitchen company,https://www.adzuna.co.uk/jobs/land/ad/5773389693?se=AhZuFx5v8RGnWKOvUc-68A&utm_medium=api&utm_source=119695ba&v=D7A376C93ECC418AF9BE48D0804EF3A1FBE58478,Adzuna (GB),Compusoft
2026-06-23,WARM - Winner/Cyncly,80,Kitchen Designer,DESIGNER RECRUITMENT LTD,,"Camberley, Surrey","£30,000",True,,I came across your job posting for a Kitchen Designer and was impressed by the opportunity to work with a bespoke kitchen company,https://www.adzuna.co.uk/jobs/details/5773547211?utm_medium=api&utm_source=119695ba,Adzuna (GB),Compusoft
2026-06-23,WARM - Winner/Cyncly,80,CAD Designer,"Kps-Global,-LL",,"Sterling Heights, MI",,False,,I came across the CAD Designer role at KPS-Global and was impressed by the company's focus on design documentation,https://jooble.org/jdp/-8005282599137711111,Jooble,Bathroom CAD designer
2026-06-23,WARM - Winner/Cyncly,80,Millwork CAD Designer for Custom Interiors,Energy Jobline ZR,,"Fort Mill, York County, SC",,False,,"Hi, I saw your posting for a Millwork CAD Designer and was impressed by the custom interior environments your team creates.",https://jooble.org/jdp/1003624036477273878,Jooble,Bathroom CAD designer
2026-06-23,WARM - Winner/Cyncly,80,Kitchen Designer,DESIGNER RECRUITMENT LTD,,"Peasmarsh, Guildford","£30,000",True,,We'd love to discuss how our CAD/CGI services can support your kitchen design team's success,https://www.adzuna.co.uk/jobs/land/ad/5773388652?se=BlkvGR5v8RG6VbN9WE0NzQ&utm_medium=api&utm_source=119695ba&v=3F41FB504F16C86D0360716D5555FA8F6098C0B7,Adzuna (GB),Kitchen CAD designer
2026-06-23,WARM - Winner/Cyncly,80,Kitchen Designer,DESIGNER RECRUITMENT LTD,,"Shavington, Crewe","£50,000",True,,"Exciting to see a kitchen designer role open at a prominent kitchen retailer in Crewe, we'd love to discuss how our CAD/CGI services can support their design team",https://www.adzuna.co.uk/jobs/land/ad/5773389687?se=BlkvGR5v8RG6VbN9WE0NzQ&utm_medium=api&utm_source=119695ba&v=ED89686D6DB21E6BFE41841F5BF129FE9FDB0841,Adzuna (GB),Kitchen CAD designer
2026-06-23,WARM - Winner/Cyncly,80,Kitchen Designer,DESIGNER RECRUITMENT LTD,,"Guildford, Surrey","£30,000",True,,We'd love to discuss how our CAD/CGI services can support your kitchen design team's success,https://www.adzuna.co.uk/jobs/details/5773546693?utm_medium=api&utm_source=119695ba,Adzuna (GB),Kitchen CAD designer
2026-06-23,WARM - Winner/Cyncly,80,CAD Designer: 2D/3D Modeling & Prototyping,Andersen,,"Bayport, MN",,False,,"Hi, I saw the CAD Designer role at Andersen and was impressed by the company's commitment to innovative product design",https://jooble.org/jdp/4842675656065294317,Jooble,Kitchen CAD designer
2026-06-23,WATCH - generic CAD,60,CAD Designer I/II Design & Drafting Support,SOCCo,,"Brooklyn, NY",,False,,I came across the CAD Designer I/II role at SOCCo and was impressed by the emphasis on design and drafting support,https://jooble.org/jdp/4474055545938824074,Jooble,Kitchen CAD designer
2026-06-23,WATCH - generic CAD,60,CAD Designer: Production Docs & BOMs,swipejobs,,"Tallassee, Elmore County, AL",$30 per hour,False,,,https://jooble.org/jdp/4638179025437672169,Jooble,Kitchen CAD designer
2026-06-23,WATCH - generic CAD,60,Hydrographic CAD Technician & Survey Designer,Prudent Engineering,,"Rochester, NY",$52k - $65k,False,,,https://jooble.org/jdp/5402485584379052678,Jooble,Kitchen CAD designer
2026-06-23,WATCH - generic CAD,60,CAD Designer - Engine Components (Siemens NX),Rehlko Uninterruptible Power Ltd.,,"Hattiesburg, MS",$62.35k - $77.95k,False,,,https://jooble.org/jdp/-825959194620270043,Jooble,Kitchen CAD designer
2026-06-23,WATCH - generic CAD,50,Engineering CAD Designer for Rail Solutions,voestalpine Railway Systems Nortrak,,"Cheyenne, WY",,False,,,https://jooble.org/jdp/8642994020413331722,Jooble,Kitchen CAD designer
2026-06-23,WATCH - generic CAD,50,Senior CAD Designer - Aviation Life Support Systems,Safran companies,,"Buffalo, NY",,False,,,https://jooble.org/jdp/4946988086774409366,Jooble,Kitchen CAD designer
2026-06-23,WATCH - generic CAD,50,CAD Designer I: Erection Drawings & Drafting Support,EFCO Forming & Shoring Solutions,,"Fresno, CA",,False,,,https://jooble.org/jdp/-6599254448609123880,Jooble,Kitchen CAD designer
2026-06-23,WATCH - generic CAD,50,"CAD Designer, Custom Upholstery & Furniture",RH-USA Inc,,"Los Angeles, CA",,False,,,https://jooble.org/jdp/-6328953354135364755,Jooble,Kitchen CAD designer
2026-06-23,WATCH - generic CAD,50,Civil 3D CAD Designer - Grading & Land Development,Geosyntec Consultants,,"Tampa, FL",,False,,,https://jooble.org/jdp/441163505920899873,Jooble,Kitchen CAD designer
2026-06-23,WATCH - generic CAD,50,Parametric 3D CAD Designer,TECO-Westinghouse,,"Round Rock, TX",,False,,,https://jooble.org/jdp/-8470211536973466020,Jooble,Kitchen CAD designer
2026-06-23,WATCH - generic CAD,50,EPLAN CAD Designer for Electrical Systems & Controls,ibb Konstruktionsdienstleistungs,,"New Bremen, OH",,False,,,https://jooble.org/jdp/5520262495645851348,Jooble,Kitchen CAD designer
2026-06-23,WATCH - generic CAD,50,Land Development CAD Designer - Site & Grading,EmergencyMD,,"Orlando, FL",,False,,,https://jooble.org/jdp/3465402143433879556,Jooble,Kitchen CAD designer
2026-06-24,HOT - Virtual Worlds,90,Senior Kitchen Design Consultant,Oval Deene,,"Fulham, South West London","£40,000 - £45,000",True,,"I came across the Senior Kitchen Design Consultant role at Oval Deene and was impressed by the company's commitment to luxury kitchens, I'd love to discuss how our CAD/CGI services can support your design team.",https://www.adzuna.co.uk/jobs/land/ad/5773816897?se=RDdahGFv8RGwyekA_8S7zg&utm_medium=api&utm_source=119695ba&v=BA38726D7B835E7CC3B3CDA99C135FB7E1D69696,Adzuna (GB),Kitchen CAD designer
2026-06-24,WARM - Winner/Cyncly,80,Kitchen Designer,DESIGNER RECRUITMENT LTD,,"Crewe, Cheshire","£50,000",True,,We'd love to discuss how our CAD/CGI services can support your kitchen design team's success,https://www.adzuna.co.uk/jobs/details/5773547210?utm_medium=api&utm_source=119695ba,Adzuna (GB),Kitchen CAD designer
2026-06-24,WARM - Winner/Cyncly,80,Senior Kitchen Design Consultant,Oval Deene,,"Westminster, South West London","£40,000 - £45,000",True,,I came across the Senior Kitchen Design Consultant role at Oval Deene and was impressed by the company's commitment to luxury kitchens,https://www.adzuna.co.uk/jobs/land/ad/5773816823?se=RDdahGFv8RGwyekA_8S7zg&utm_medium=api&utm_source=119695ba&v=D1BC3BB1E7576746C721BCC84A5C41A15584EBE5,Adzuna (GB),Kitchen CAD designer
2026-06-24,WARM - Winner/Cyncly,80,CAD designer,Koppenhöfer + Partner GmbH,,"New Bremen, OH",,False,,I came across the CAD designer position at Koppenhöfer + Partner GmbH and was impressed by the company's focus on innovative design solutions.,https://jooble.org/jdp/4960361062593185679,Jooble,Bathroom CAD designer
2026-06-24,WARM - Winner/Cyncly,80,CAD Designer,The Fountain Group,,"Granville, OH",$40 - $42 per hour,False,,I came across the CAD Designer role at The Fountain Group and was impressed by the company's commitment to innovative design solutions,https://jooble.org/jdp/-1742265395306195573,Jooble,Bathroom CAD designer
2026-06-24,WARM - Winner/Cyncly,80,CAD Designer,Kobolt Construction,,"Fullerton, CA",,False,,"Hi, I saw your posting for a CAD Designer and was impressed by Kobolt Construction's focus on residential design",https://jooble.org/jdp/-1915995021307779169,Jooble,Bathroom CAD designer
2026-06-24,WATCH - generic CAD,50,BIM & CAD Facilities Designer (Revit/AutoCAD),Blue Origin,,"Merritt Island, FL",,False,,,https://jooble.org/jdp/-6960531453316769785,Jooble,Kitchen CAD designer
2026-06-24,WARM - Winner/Cyncly,80,Designer,Office Revolution,,"Chicago, IL",$60k - $90k,False,,"Hi, I saw that Office Revolution is looking for a designer with strong technical drawing skills and experience with Cyncly, and I'd love to explore how our CAD/CGI services can support your team.",https://jooble.org/jdp/8566799609653496922,Jooble,Cyncly
2026-06-24,WATCH - generic CAD,60,Senior CAD Designer Land Development & Growth,Dynamic Engineering Consultants,,"Marlton, NJ",$33 - $43.5 per hour,False,,,https://jooble.org/jdp/-1681862217440582952,Jooble,Kitchen CAD designer
2026-06-24,WATCH - generic CAD,60,Submarine CAD Designer - On-Call (3D/2D Models),Noblis,,"Atlanta, GA",$28.46 - $44.51 per hour,False,,,https://jooble.org/jdp/-9040970637887286570,Jooble,Kitchen CAD designer
2026-06-24,WATCH - generic CAD,50,Senior Transmission Line CAD Designer (Hybrid),Sargent Lundy,,"Atlanta, GA",,False,,,https://jooble.org/jdp/-4779331121671389487,Jooble,Kitchen CAD designer
2026-06-24,WATCH - generic CAD,50,Junior Electric Distribution CAD Designer,Halff Associates,,"Corpus Christi, TX",,False,,,https://jooble.org/jdp/-8349090325554811109,Jooble,Kitchen CAD designer
2026-06-24,WATCH - generic CAD,50,Junior Electric Distribution CAD Designer,Halff Associates,,"Mcallen, TX",,False,,,https://jooble.org/jdp/1035360462276703548,Jooble,Kitchen CAD designer
2026-06-24,WATCH - generic CAD,50,3D CAD Designer & Detail Drafter (Solid Edge),Evapco,,"Taneytown, MD",,False,,,https://jooble.org/jdp/6093452284353169247,Jooble,Kitchen CAD designer
2026-06-24,WATCH - generic CAD,50,"Senior CAD Designer (Civil 3D) - Fridays, 401k Match",BGE,,"Kennesaw, GA",,False,,,https://jooble.org/jdp/-820886724038012098,Jooble,Kitchen CAD designer
2026-06-24,WATCH - generic CAD,50,Water/Wastewater CAD Designer - Hybrid & Impactful Projects,HMB Professional Engineers,,"Louisville, KY",,False,,,https://jooble.org/jdp/-8556074428452018514,Jooble,Kitchen CAD designer
2026-06-24,WATCH - generic CAD,50,Remote Revit/CAD Security Designer I,"ZBeta Consulting, Inc.",,"New York, NY",,False,,,https://jooble.org/jdp/-3662000645413085497,Jooble,Kitchen CAD designer
2026-06-24,WATCH - generic CAD,50,Junior CAD Designer,Job Juncture,,"New York, NY",,False,,,https://jooble.org/jdp/5970380250226725693,Jooble,Kitchen CAD designer
2026-06-25,WARM - Winner/Cyncly,80,Kitchen Sales Designer,Axon Moore,,"Penwortham, Preston","£30,000 - £35,000",True,,I came across the Kitchen Sales Designer role at Axon Moore and was impressed by the company's reputation for delivering exceptional high-end kitchen design.,https://www.adzuna.co.uk/jobs/land/ad/5776756250?se=1oAPkdtw8RGYA5triQA_Pw&utm_medium=api&utm_source=119695ba&v=1C578808647915942B776AAC9642DA65773ED316,Adzuna (GB),Compusoft
2026-06-25,WARM - Winner/Cyncly,80,Kitchen Designer,DESIGNER RECRUITMENT LTD,,"Shavington, Crewe","£50,000",True,,We'd love to discuss how our CAD/CGI services can support your kitchen design team in driving sales growth,https://www.adzuna.co.uk/jobs/land/ad/5774806471?se=Rg_okdtw8RGCzc6DdVFMOA&utm_medium=api&utm_source=119695ba&v=B60FD69EF098C1E2BB389C8A7858BFAC2FDF74DA,Adzuna (GB),Kitchen CAD designer
2026-06-25,WARM - Winner/Cyncly,80,Kitchen Sales Designer,Simon Acres Group,,"Scotland, UK","£25,000 - £75,000",False,,I came across the Kitchen Sales Designer role at your company and was impressed by the emphasis on professional and supportive work environment.,https://www.adzuna.co.uk/jobs/land/ad/5776433882?se=Rg_okdtw8RGCzc6DdVFMOA&utm_medium=api&utm_source=119695ba&v=B009FE3CD2D126974E8111AB0D381D648043140C,Adzuna (GB),Kitchen CAD designer
2026-06-25,WARM - Winner/Cyncly,80,Senior CAD Designer - Custom Log Home Drafting,Gastineau Log Homes,,"Kansas City, MO",,False,,"Hi, I saw your posting for a Senior CAD Designer and was impressed by Gastineau Log Homes' custom log home designs",https://jooble.org/jdp/-1329427323608221336,Jooble,Kitchen CAD designer
2026-06-26,WARM - Winner/Cyncly,80,Kitchen Sales Designer,Axon Moore Group Ltd,,"Preston, Lancashire","£30,000 - £35,000",True,,I came across the Kitchen Sales Designer role at Axon Moore Group and was impressed by the company's reputation for delivering exceptional high-end kitchen design.,https://www.adzuna.co.uk/jobs/details/5776887495?utm_medium=api&utm_source=119695ba,Adzuna (GB),Compusoft
2026-06-26,WARM - Winner/Cyncly,80,Kitchen Designer / Project Manager,Z Ventures Ny Corp DBA Doca NYC,,"New York, NY",$20 - $45 per hour,False,,"I came across your job posting for a Kitchen Designer and was impressed by the use of Winner by Compusoft, we specialize in creating high-quality CAD/CGI visuals for KBB businesses like yours",https://jooble.org/jdp/5668681725892386842,Jooble,Compusoft
2026-06-26,WARM - Winner/Cyncly,80,Kitchen Surveyor / Kitchen Designer,WHQS,,"Stretton, Burton-On-Trent","£36,400",False,,I came across your Kitchen Surveyor / Kitchen Designer role and was impressed by the opportunity to work with a national kitchen supplier,https://www.adzuna.co.uk/jobs/land/ad/5777969394?se=YoCwWqNx8RGiVqWJe_bADg&utm_medium=api&utm_source=119695ba&v=CF0D02E7D15F9795634DC370E831A537FE7B7184,Adzuna (GB),Kitchen CAD designer
2026-06-26,WARM - Winner/Cyncly,80,Kitchen Surveyor / Kitchen Designer,WHQS,,"Rolleston-On-Dove, Burton-On-Trent","£34,897",False,,I came across your Kitchen Surveyor / Kitchen Designer role and was impressed by the opportunity to work with a national kitchen supplier,https://www.adzuna.co.uk/jobs/land/ad/5777897530?se=YoCwWqNx8RGiVqWJe_bADg&utm_medium=api&utm_source=119695ba&v=2893DD1599B4A1C416A81B81328E412E8F051318,Adzuna (GB),Kitchen CAD designer
2026-06-27,WARM - Winner/Cyncly,80,Kitchen Designer,DESIGNER RECRUITMENT LTD,,"Shavington, Crewe","£50,000",True,,We'd love to discuss how our CAD/CGI services can support your kitchen design team's success,https://www.adzuna.co.uk/jobs/land/ad/5779015441?se=bBDEmhly8RGiVqWJe_bADg&utm_medium=api&utm_source=119695ba&v=9EB27F577ECBC79E17B5AE1F25D980A2D9347151,Adzuna (GB),Kitchen CAD designer
2026-06-27,WARM - Winner/Cyncly,80,Kitchen Surveyor / Kitchen Designer,WHQS,,"Burton-On-Trent, Staffordshire","£36,400",False,,I came across your Kitchen Surveyor / Kitchen Designer role and was impressed by the opportunity to work with a national kitchen supplier,https://www.adzuna.co.uk/jobs/details/5778060477?utm_medium=api&utm_source=119695ba,Adzuna (GB),Kitchen CAD designer
2026-06-27,WARM - Winner/Cyncly,80,Kitchen Designer,DESIGNER RECRUITMENT LTD,,"Frimley, Camberley","£30,000",True,,I came across your job posting for a Kitchen Designer and was impressed by the opportunity to work with a bespoke kitchen company,https://www.adzuna.co.uk/jobs/land/ad/5778942457?se=IDQ0J2Ny8RGe4ZwL0wNS6w&utm_medium=api&utm_source=119695ba&v=075CB1331C2FDC34335C7AADF633A1019C510066,Adzuna (GB),Compusoft
2026-06-28,WARM - Winner/Cyncly,80,Kitchen Surveyor / Kitchen Designer,WHQS,,"Stretton, Burton-On-Trent","£36,400",False,,I came across your Kitchen Surveyor / Kitchen Designer role and was impressed by the opportunity to work with a national kitchen supplier,https://www.adzuna.co.uk/jobs/land/ad/5779653575?se=dtkFMsxy8RGe4ZwL0wNS6w&utm_medium=api&utm_source=119695ba&v=3192897A0F401C1020DD6442D6B57DA87B9A9F49,Adzuna (GB),Kitchen CAD designer
2026-06-28,WATCH - generic CAD,60,CAD Designer,Insight Global,,"Orlando, FL",,False,,"I came across your CAD Designer posting and was impressed by the opportunity to support designing layouts for restaurants, and I'd love to explore how our CAD/CGI services can help enhance your design process.",https://jooble.org/jdp/6513883094275057808,Jooble,Bathroom CAD designer
2026-06-29,WARM - Winner/Cyncly,80,Senior Kitchen Designer,Simon Acres Group,,"Farringdon, Central London","£25,000 - £35,000",True,,I came across the Senior Kitchen Designer role at your luxury German kitchen retailer and was impressed by the emphasis on high-end design and exceptional quality.,https://www.adzuna.co.uk/jobs/land/ad/5781151343?se=fGubYf9z8RGg8viwX6TQvA&utm_medium=api&utm_source=119695ba&v=E25A6EE10A951209E87A98221D34A45178964E04,Adzuna (GB),Kitchen CAD designer
2026-07-01,WARM - Winner/Cyncly,80,Kitchen Designer,DESIGNER RECRUITMENT LTD,,"Frimley, Camberley","£30,000",True,,Exciting to see a bespoke kitchen company looking for a talented designer to drive their showroom forward,https://www.adzuna.co.uk/jobs/land/ad/5783169529?se=st8l0VR18RGOQJ_tWT19iw&utm_medium=api&utm_source=119695ba&v=02548EEBF2B9EA9F02A724D088F1C111EDA69A50,Adzuna (GB),Compusoft
2026-07-01,WARM - Winner/Cyncly,80,Kitchen Designer,The Home Depot,,"Eagan, MN",,False,,I saw the kitchen designer role at The Home Depot and thought our CAD/CGI services could help elevate your design process,https://jooble.org/jdp/-105984271815853168,Jooble,Kitchen CAD designer
2026-07-01,HOT - Virtual Worlds,95,Kitchen & Bathroom Sales Designer,Oval Deene,,"Holcot, Northampton","£35,000 - £38,000",False,,I came across the Kitchen & Bathroom Sales Designer role at Oval Deene and was impressed by the company's commitment to delivering outstanding customer service and inspirational designs.,https://www.adzuna.co.uk/jobs/land/ad/5784006183?se=mj5grpF18RGOeNvhEByHAg&utm_medium=api&utm_source=119695ba&v=D5158125F47B3527EF57176A95EF3013F2E7B9C9,Adzuna (GB),Bathroom CAD designer
2026-07-01,WARM - Winner/Cyncly,90,Kitchen and Bath Designer,NKBA,,"Jacksonville, FL",,False,,I came across the Kitchen and Bath Designer role at Kitchen Design Gallery and was impressed by the company's commitment to innovative design and remodeling.,https://jooble.org/jdp/-5779118255119527928,Jooble,Kitchen CAD designer
2026-07-01,WARM - Winner/Cyncly,90,Kitchen and Bath Designer,Aqua Kitchen,,"Raleigh, NC",,False,,"Hi, I came across the Kitchen and Bath Designer role at Aqua Kitchen and was impressed by the company's commitment to using CAD software for design and planning.",https://jooble.org/jdp/-6383971566851458480,Jooble,Kitchen CAD designer
2026-07-01,WARM - Winner/Cyncly,90,Kitchen & Bath Designer,NKBA,,"Bedford, MA",,False,,I came across your job posting for a Kitchen & Bath Designer and was impressed by the opportunity to work with 2020 Design/CAD software,https://jooble.org/jdp/5098131431115825860,Jooble,Kitchen CAD designer
2026-07-01,WARM - Winner/Cyncly,80,Kitchen Designer,DESIGNER RECRUITMENT LTD,,"Clapham, South West London","£30,000",True,,I came across your job posting for a Kitchen Designer and was impressed by the company's focus on handcrafted British kitchens,https://www.adzuna.co.uk/jobs/land/ad/5783854519?se=jL9XrZF18RGwMvuqxXHvVQ&utm_medium=api&utm_source=119695ba&v=58ED963BC5BF7B00CEAE41EED5DBD56852C5B2F6,Adzuna (GB),Winner Design
2026-07-01,WARM - Winner/Cyncly,80,Kitchen Designer,DESIGNER RECRUITMENT LTD,,"South West London, London","£30,000",True,,I came across your job posting for a Kitchen Designer and was impressed by the company's focus on handcrafted British kitchens and exceptional client experience.,https://www.adzuna.co.uk/jobs/details/5784180143?utm_medium=api&utm_source=119695ba,Adzuna (GB),Winner Design
2026-07-01,WARM - Winner/Cyncly,80,Technical Designer - Luxury Kitchens,Humres,,"Farringdon, Central London","£40,000 - £45,000",False,,"I came across the Technical Designer role at Humres and was impressed by the company's focus on luxury kitchen design, I'd love to explore how our CAD/CGI services can support your team",https://www.adzuna.co.uk/jobs/land/ad/5783887795?se=XF3trpF18RG075onbIWOaw&utm_medium=api&utm_source=119695ba&v=86768A0CEB28860067876238AB92086932637671,Adzuna (GB),Kitchen CAD designer
2026-07-01,WARM - Winner/Cyncly,80,Kitchen Designer,Ateliers Jacob Cuisine & Espace,,Washington DC,,False,,I came across the Kitchen Designer role at Ateliers Jacob Cuisine & Espace and was impressed by the company's focus on sophisticated interior design,https://jooble.org/jdp/-1236324692634094153,Jooble,Kitchen CAD designer
